date,day,start_time,end_time,duration,session,sl_size_pips,max_rr,max_rr_to_be,htf_strength,trade_strength,final_probability,entry_model,direction,taken,exit_reason,terminal_r,sl_buffer_pips,tp_multiple,min_live_probability,year
Jan 2 2015,Friday,07:45,19:00,11:15,London,15.3,18.84,,22.73%,33.33%,43.75%,LC-2A,bearish,True,friday_close,16.1438,2.0,,28.57%,2015
Jan 7 2015,Wednesday,14:15,19:00,04:45,New York,60.15,0.65,,-18.75%,9.38%,11.22%,CE,bullish,True,cut_19h,-0.1471,2.0,,9.38%,2015
Jan 8 2015,Thursday,12:45,16:00,03:15,New York,18.0,2.69,,60.87%,66.67%,62.50%,LC-2B,bearish,True,sl,-1.0,2.0,,62.50%,2015
Jan 13 2015,Tuesday,14:30,19:00,76:30,New York,29.8,13.48,5.21,52.86%,44.90%,25.00%,LC-2A,bearish,True,friday_close,6.057,2.0,,40.00%,2015
Jan 16 2015,Friday,13:30,15:00,01:30,New York,50.9,0.04,,30.36%,40.00%,35.71%,CE,bearish,True,sl,-1.0,2.0,,35.71%,2015
Jan 16 2015,Friday,13:30,19:00,05:30,New York,23.2,5.15,,-23.91%,-7.69%,5.26%,LC-2A,bullish,True,friday_close,4.8147,2.0,,0.00%,2015
Jan 22 2015,Thursday,10:00,12:00,02:00,London,26.85,0.29,,28.26%,37.50%,22.58%,CE,bearish,True,sl,-1.0,2.0,,17.74%,2015
Jan 23 2015,Friday,07:30,10:00,02:30,London,19.8,3.31,,28.26%,40.91%,53.12%,LC-1,bearish,True,sl,-1.0,2.0,,45.00%,2015
Jan 27 2015,Tuesday,12:30,14:00,01:30,New York,32.7,0.64,,34.78%,40.00%,46.88%,LC-1,bearish,True,sl,-1.0,2.0,,45.74%,2015
Feb 3 2015,Tuesday,09:15,10:00,00:45,London,19.6,0.0,,54.35%,54.55%,48.57%,LC-1,bearish,True,sl,-1.0,2.0,,48.57%,2015
Feb 6 2015,Friday,13:15,19:00,05:45,New York,16.0,12.89,,18.75%,27.42%,27.42%,LC-2A,bullish,True,friday_close,10.1937,2.0,,25.00%,2015
Feb 10 2015,Tuesday,09:30,19:00,81:30,London,32.9,9.99,4.17,8.70%,38.04%,33.33%,LC-1,bullish,True,friday_close,5.617,2.0,,15.00%,2015
Feb 13 2015,Friday,08:15,19:00,10:45,London,38.3,1.32,,31.25%,44.29%,41.67%,CE,bullish,True,friday_close,-0.2977,2.0,,40.00%,2015
Feb 19 2015,Thursday,12:15,00:00,11:45,New York,45.2,0.78,0.74,8.70%,18.75%,18.48%,LC-2A,bearish,True,be_stop,0.0,2.0,,20.21%,2015
Mar 3 2015,Tuesday,08:15,19:00,82:45,London,22.4,10.78,2.01,6.25%,26.74%,33.82%,LC-1,bearish,True,friday_close,10.3973,2.0,,17.50%,2015
Mar 3 2015,Tuesday,08:15,19:00,82:45,London,22.4,10.78,2.01,6.25%,30.23%,38.24%,LC-1,bearish,False,friday_close,10.3973,2.0,,21.25%,2015
Mar 11 2015,Wednesday,09:00,10:00,01:00,London,7.5,0.0,,15.22%,20.31%,22.73%,CE,bullish,True,sl,-1.0,2.0,,22.73%,2015
Mar 23 2015,Monday,09:15,09:00,23:45,London,22.8,3.9,3.62,0.00%,22.86%,32.14%,LC-2A,bullish,True,be_stop,0.0,2.0,,22.86%,2015
May 4 2015,Monday,13:15,19:00,05:45,New York,28.8,0.69,,5.00%,22.00%,23.33%,LC-2A,bullish,True,cut_19h,-0.1563,2.0,,20.59%,2015
May 14 2015,Thursday,07:15,08:00,00:45,New York,18.2,1.18,,16.67%,26.92%,22.97%,CE,bearish,True,sl,-1.0,2.0,,22.97%,2015
May 15 2015,Friday,13:45,18:00,04:15,New York,35.0,0.35,,28.26%,34.38%,38.24%,LC-2B,bullish,True,sl,-1.0,2.0,,36.36%,2015
May 18 2015,Monday,07:45,11:00,51:15,London,16.9,12.21,4.27,6.25%,20.59%,21.05%,CE,bearish,True,be_stop,0.0,2.0,,16.67%,2015
May 22 2015,Friday,07:15,19:00,11:45,London,22.6,5.89,,12.50%,16.67%,30.23%,LC-2A,bearish,True,friday_close,5.4159,2.0,,21.88%,2015
May 29 2015,Friday,07:30,19:00,11:30,London,18.3,6.25,,18.75%,35.71%,20.59%,LC-2A,bearish,True,friday_close,0.5628,2.0,,5.81%,2015
Jun 2 2015,Tuesday,09:30,10:00,00:30,London,46.05,0.0,,35.71%,45.45%,41.30%,CE,bearish,True,sl,-1.0,2.0,,41.30%,2015
Jun 8 2015,Monday,08:15,09:00,00:45,London,30.3,0.12,,36.36%,43.33%,50.00%,LC-2A,bullish,True,sl,-1.0,2.0,,50.00%,2015
Jun 30 2015,Tuesday,09:15,10:00,00:45,London,32.5,0.0,,28.26%,31.08%,28.95%,LC-1,bearish,True,sl,-1.0,2.0,,28.95%,2015
Jul 1 2015,Wednesday,09:15,10:00,00:45,London,22.3,0.0,,2.17%,31.08%,22.97%,LC-1,bullish,True,sl,-1.0,2.0,,22.97%,2015
Jul 20 2015,Monday,08:15,07:00,22:45,London,18.1,4.07,4.07,8.70%,25.00%,32.14%,LC-2A,bearish,True,be_stop,0.0,2.0,,10.00%,2015
Aug 4 2015,Tuesday,09:30,12:00,02:30,London,41.5,0.02,,8.70%,44.12%,44.12%,LC-2B,bearish,True,sl,-1.0,2.0,,44.12%,2015
Aug 4 2015,Tuesday,09:30,12:00,02:30,London,41.5,0.02,,15.22%,41.18%,41.18%,LC-2B,bearish,True,sl,-1.0,2.0,,41.18%,2015
Aug 4 2015,Tuesday,09:30,12:00,02:30,London,41.5,0.02,,21.74%,44.12%,44.12%,LC-2A,bearish,False,sl,-1.0,2.0,,44.12%,2015
Aug 13 2015,Thursday,17:45,19:00,01:15,New York,50.4,0.18,0.18,22.41%,35.71%,30.56%,CE,bearish,True,be_stop,0.0,2.0,,27.78%,2015
Aug 31 2015,Monday,07:15,09:00,01:45,London,24.0,1.04,,34.78%,41.30%,41.30%,LC-1,bearish,True,sl,-1.0,2.0,,41.30%,2015
Sep 11 2015,Friday,14:45,19:00,04:15,New York,27.2,1.49,,33.33%,31.25%,28.12%,LC-2A,bearish,True,friday_close,0.5037,2.0,,26.60%,2015
Sep 23 2015,Wednesday,08:15,09:00,48:45,London,35.3,7.39,3.69,51.79%,44.19%,34.91%,LC-2A,bearish,True,be_stop,0.0,2.0,,41.46%,2015
Oct 1 2015,Thursday,09:15,03:00,17:45,London,26.1,2.54,2.54,45.45%,53.85%,52.13%,LC-2A,bearish,True,be_stop,0.0,2.0,,51.16%,2015
Oct 20 2015,Tuesday,17:15,19:00,01:45,New York,29.3,0.62,0.62,14.29%,35.71%,40.70%,CE,bullish,True,be_stop,0.0,2.0,,37.21%,2015
Oct 23 2015,Friday,14:00,19:00,05:00,New York,53.15,0.67,,15.22%,25.00%,31.82%,CE,bullish,True,friday_close,0.4751,2.0,,20.00%,2015
Nov 12 2015,Thursday,07:15,08:00,00:45,London,21.8,0.0,,21.74%,33.82%,31.82%,LC-2A,bullish,True,sl,-1.0,2.0,,31.82%,2015
Nov 18 2015,Wednesday,08:30,08:00,47:30,London,22.9,5.63,2.33,3.57%,21.43%,6.67%,LC-1,bullish,True,be_stop,0.0,2.0,,13.75%,2015
Nov 18 2015,Wednesday,08:15,09:00,00:45,London,18.7,0.0,,18.75%,32.35%,40.57%,LC-2A,bearish,True,sl,-1.0,2.0,,40.57%,2015
Nov 25 2015,Wednesday,14:15,19:00,04:45,New York,25.1,1.83,,30.00%,40.00%,34.78%,LC-2A,bearish,True,cut_19h,-0.243,2.0,,40.00%,2015
Nov 26 2015,Thursday,09:30,10:00,00:30,London,12.0,0.0,,-4.35%,6.76%,9.21%,LC-2A,bullish,True,sl,-1.0,2.0,,9.21%,2015
Dec 15 2015,Tuesday,14:30,03:00,60:30,New York,25.4,6.02,3.98,30.36%,23.17%,37.80%,LC-2A,bearish,True,be_stop,0.0,2.0,,36.67%,2015
Dec 21 2015,Monday,12:15,22:00,153:45,New York,15.4,11.69,5.28,54.35%,63.51%,54.55%,LC-1,bearish,True,friday_close,11.3896,2.0,,48.28%,2015
Dec 23 2015,Wednesday,09:45,19:00,09:15,London,26.8,1.6,1.6,-36.96%,7.45%,10.64%,LC-1,bullish,True,be_stop,0.0,2.0,,10.64%,2015
Jan 6 2016,Wednesday,14:00,19:00,05:00,New York,31.8,1.2,1.2,60.87%,48.28%,59.09%,LC-2A,bearish,True,be_stop,0.0,2.0,,50.00%,2016
Jan 6 2016,Wednesday,14:15,19:00,04:45,New York,35.9,0.92,0.92,60.87%,53.45%,63.64%,LC-2A,bearish,False,be_stop,0.0,2.0,,55.00%,2016
Jan 13 2016,Wednesday,12:15,19:00,06:45,New York,35.9,2.43,2.43,-20.00%,9.30%,9.21%,LC-2A,bullish,True,be_stop,0.0,2.0,,11.36%,2016
Jan 28 2016,Thursday,08:30,19:00,34:30,London,51.5,9.44,3.57,25.00%,42.86%,35.23%,CE,bullish,True,friday_close,6.0563,2.0,,40.00%,2016
Jan 28 2016,Thursday,14:30,01:00,10:30,New York,64.05,1.48,1.48,2.17%,15.62%,25.00%,CE,bullish,True,be_stop,0.0,2.0,,12.90%,2016
Feb 2 2016,Tuesday,09:15,15:00,05:45,London,25.8,4.6,,27.42%,32.14%,26.83%,LC-2A,bullish,True,sl,-1.0,2.0,,25.00%,2016
Feb 2 2016,Tuesday,14:15,15:00,00:45,New York,23.4,1.2,,27.42%,21.05%,21.25%,LC-2A,bullish,False,sl,-1.0,2.0,,21.25%,2016
Feb 5 2016,Friday,07:15,19:00,11:45,London,29.2,3.42,,41.30%,40.79%,22.97%,LC-1,bearish,True,friday_close,2.1267,2.0,,25.00%,2016
Feb 12 2016,Friday,12:45,18:00,05:15,New York,38.5,2.02,,60.87%,41.67%,51.61%,LC-1,bearish,True,sl,-1.0,2.0,,41.67%,2016
Feb 15 2016,Monday,08:15,00:00,15:45,London,53.8,0.9,0.83,-10.87%,27.78%,29.09%,LC-2A,bullish,True,be_stop,0.0,2.0,,27.78%,2016
Feb 18 2016,Thursday,09:00,20:00,11:00,London,29.5,4.89,4.89,-23.91%,4.17%,-1.47%,LC-2A,bullish,True,be_stop,0.0,2.0,,-7.81%,2016
Mar 3 2016,Thursday,09:15,19:00,33:45,London,27.2,7.62,2.29,3.57%,17.11%,5.71%,LC-2A,bullish,True,friday_close,7.5515,2.0,,17.50%,2016
Mar 10 2016,Thursday,08:45,12:00,03:15,London,23.4,2.36,,31.25%,32.50%,34.15%,LC-2A,bearish,True,sl,-1.0,2.0,,32.50%,2016
Mar 10 2016,Thursday,08:45,12:00,03:15,London,23.4,2.36,,31.25%,32.50%,34.15%,LC-2A,bearish,False,sl,-1.0,2.0,,32.50%,2016
Mar 10 2016,Thursday,13:00,19:00,06:00,New York,49.3,3.1,,8.70%,23.08%,18.18%,CE,bullish,True,cut_19h,-0.1501,2.0,,1.72%,2016
Mar 15 2016,Tuesday,12:15,13:00,00:45,New York,23.8,1.5,,8.70%,10.00%,12.90%,LC-2A,bullish,True,sl,-1.0,2.0,,12.90%,2016
Apr 26 2016,Tuesday,07:45,08:00,00:15,London,31.35,0.8,,15.22%,27.27%,29.41%,CE,bearish,True,sl,-1.0,2.0,,29.41%,2016
Apr 26 2016,Tuesday,13:00,04:00,39:00,New York,37.5,3.31,3.01,28.00%,25.00%,27.03%,CE,bullish,True,be_stop,0.0,2.0,,25.00%,2016
Apr 28 2016,Thursday,09:15,19:00,09:45,London,58.8,1.43,1.43,21.74%,36.17%,35.71%,LC-1,bearish,True,be_stop,0.0,2.0,,21.05%,2016
May 5 2016,Thursday,08:30,09:00,00:30,London,39.2,0.36,,28.26%,48.78%,48.78%,LC-2A,bearish,True,sl,-1.0,2.0,,48.78%,2016
May 9 2016,Monday,08:30,09:00,00:30,London,25.75,0.0,,40.00%,48.68%,44.29%,CE,bearish,True,sl,-1.0,2.0,,44.29%,2016
May 16 2016,Monday,09:15,14:00,04:45,London,32.7,0.87,,21.74%,37.80%,41.46%,CE,bearish,True,sl,-1.0,2.0,,41.46%,2016
May 16 2016,Monday,13:15,14:00,00:45,New York,20.5,0.0,,28.26%,34.15%,41.67%,LC-2A,bearish,False,sl,-1.0,2.0,,41.67%,2016
May 24 2016,Tuesday,14:15,15:00,00:45,New York,35.4,0.0,,6.90%,12.79%,21.25%,LC-2A,bearish,True,sl,-1.0,2.0,,21.25%,2016
Jun 13 2016,Monday,07:30,08:00,00:30,London,36.4,0.0,,54.35%,48.28%,55.00%,LC-1,bearish,True,sl,-1.0,2.0,,55.00%,2016
Jun 17 2016,Friday,07:30,19:00,11:30,London,35.2,2.55,,-17.39%,8.70%,9.38%,LC-1,bullish,True,friday_close,2.5,2.0,,0.00%,2016
Jul 25 2016,Monday,08:00,04:00,44:00,London,50.4,7.28,1.7,32.76%,50.00%,45.74%,CE,bearish,True,be_stop,0.0,2.0,,39.36%,2016
Jul 28 2016,Thursday,13:30,18:00,04:30,New York,31.4,1.12,,41.30%,46.77%,50.00%,LC-2A,bearish,True,sl,-1.0,2.0,,50.00%,2016
Aug 2 2016,Tuesday,08:15,11:00,26:45,London,37.0,3.36,3.36,73.91%,61.29%,62.50%,LC-2A,bearish,True,be_stop,0.0,2.0,,61.29%,2016
Aug 2 2016,Tuesday,08:15,11:00,26:45,London,37.0,3.36,3.36,57.14%,50.00%,56.10%,LC-2A,bearish,False,be_stop,0.0,2.0,,54.17%,2016
Aug 9 2016,Tuesday,08:15,10:00,01:45,London,22.9,0.76,,-8.62%,15.22%,18.75%,LC-2A,bullish,True,sl,-1.0,2.0,,15.22%,2016
Sep 7 2016,Wednesday,08:15,09:00,00:45,London,18.3,0.0,,8.70%,13.75%,17.50%,LC-2B,bearish,True,sl,-1.0,2.0,,17.50%,2016
Sep 7 2016,Wednesday,14:30,01:00,10:30,New York,52.3,0.71,0.71,15.22%,28.95%,35.71%,CE,bearish,True,be_stop,0.0,2.0,,26.92%,2016
Sep 7 2016,Wednesday,15:00,19:00,04:00,New York,36.2,0.37,0.37,15.22%,30.77%,45.83%,LC-2A,bearish,False,be_stop,0.0,2.0,,33.82%,2016
Sep 19 2016,Monday,14:15,02:00,11:45,New York,21.3,2.55,2.55,64.00%,50.00%,52.86%,LC-2B,bearish,True,be_stop,0.0,2.0,,48.44%,2016
Sep 19 2016,Monday,14:15,02:00,11:45,New York,21.3,2.55,2.55,58.00%,45.45%,48.57%,LC-2B,bearish,False,be_stop,0.0,2.0,,43.75%,2016
Sep 29 2016,Thursday,08:30,09:00,00:30,London,18.2,0.0,,-10.87%,6.25%,-5.00%,LC-1,bullish,True,sl,-1.0,2.0,,-5.00%,2016
Oct 4 2016,Tuesday,08:15,10:00,01:45,London,35.6,0.04,,-23.91%,2.50%,3.57%,LC-2A,bullish,True,sl,-1.0,2.0,,1.22%,2016
Oct 14 2016,Friday,14:15,16:00,01:45,New York,42.7,0.12,,1.72%,23.40%,28.12%,LC-1,bullish,True,sl,-1.0,2.0,,26.53%,2016
Nov 2 2016,Wednesday,07:30,12:00,04:30,London,21.0,1.53,,47.83%,64.47%,63.51%,LC-1,bearish,True,sl,-1.0,2.0,,63.51%,2016
Nov 2 2016,Wednesday,09:15,12:00,02:45,London,21.9,1.15,,47.83%,61.54%,59.46%,LC-1,bearish,False,sl,-1.0,2.0,,59.46%,2016
Nov 22 2016,Tuesday,13:00,15:00,02:00,New York,24.7,0.91,,25.00%,18.18%,14.77%,LC-1,bearish,True,sl,-1.0,2.0,,14.77%,2016
Dec 6 2016,Tuesday,08:00,12:00,04:00,London,25.3,1.25,,15.22%,25.00%,33.82%,LC-1,bullish,True,sl,-1.0,2.0,,25.00%,2016
Dec 9 2016,Friday,13:15,19:00,05:45,New York,41.2,0.61,,2.17%,34.00%,32.65%,LC-2A,bearish,True,friday_close,-0.0049,2.0,,31.25%,2016
Dec 13 2016,Tuesday,08:00,16:00,08:00,London,33.1,1.59,,21.74%,22.41%,25.00%,LC-1,bullish,True,sl,-1.0,2.0,,22.41%,2016
Dec 14 2016,Wednesday,08:45,09:00,00:15,London,17.3,0.0,,2.17%,18.48%,21.74%,LC-2A,bearish,True,sl,-1.0,2.0,,21.74%,2016
Dec 14 2016,Wednesday,14:15,15:00,00:45,New York,20.9,0.0,,16.18%,18.75%,22.00%,LC-2A,bearish,True,sl,-1.0,2.0,,22.00%,2016
Dec 28 2016,Wednesday,15:45,12:00,44:15,New York,57.55,3.3,1.66,21.74%,28.95%,21.59%,CE,bearish,True,be_stop,0.0,2.0,,27.03%,2016
Jan 12 2017,Thursday,13:15,14:00,00:45,New York,25.0,0.53,,-33.33%,2.63%,-2.00%,LC-1,bullish,True,sl,-1.0,2.0,,-2.00%,2017
Jan 27 2017,Friday,08:45,10:00,01:15,London,21.9,0.84,,18.75%,37.50%,39.19%,LC-2A,bullish,True,sl,-1.0,2.0,,37.50%,2017
Jan 27 2017,Friday,10:15,11:00,00:45,London,21.7,0.0,,18.75%,43.24%,40.00%,LC-1,bullish,False,sl,-1.0,2.0,,40.00%,2017
Feb 6 2017,Monday,09:45,20:00,34:15,London,29.75,6.54,4.24,25.00%,33.33%,27.14%,CE,bearish,True,be_stop,0.0,2.0,,33.33%,2017
Feb 9 2017,Thursday,12:30,13:00,00:30,New York,20.9,0.33,,50.00%,44.57%,38.04%,LC-2A,bearish,True,sl,-1.0,2.0,,38.04%,2017
Feb 9 2017,Thursday,12:30,13:00,00:30,New York,20.9,0.33,,40.00%,39.36%,39.36%,LC-2A,bearish,False,sl,-1.0,2.0,,39.36%,2017
Feb 17 2017,Friday,08:00,19:00,11:00,London,19.05,10.57,,8.93%,25.00%,35.71%,CE,bearish,True,friday_close,6.9528,2.0,,29.41%,2017
Feb 20 2017,Monday,08:15,10:00,49:45,London,19.9,6.8,2.89,-10.87%,11.54%,17.11%,LC-1,bullish,True,be_stop,0.0,2.0,,10.00%,2017
Mar 6 2017,Monday,09:30,15:00,05:30,London,17.0,1.32,,-3.85%,14.29%,23.53%,LC-2A,bullish,True,sl,-1.0,2.0,,14.77%,2017
Mar 23 2017,Thursday,09:15,13:00,03:45,London,24.4,1.64,,-12.50%,26.74%,20.00%,LC-2A,bullish,True,sl,-1.0,2.0,,16.28%,2017
Mar 30 2017,Thursday,09:15,19:00,33:45,London,23.3,9.15,5.77,2.17%,23.40%,33.33%,LC-2A,bullish,True,friday_close,7.176,2.0,,12.90%,2017
Apr 6 2017,Thursday,07:15,02:00,18:45,London,23.5,3.0,3.0,10.00%,23.40%,16.35%,LC-2A,bullish,True,be_stop,0.0,2.0,,16.00%,2017
Apr 6 2017,Thursday,07:15,02:00,18:45,London,23.5,3.0,3.0,4.00%,21.43%,13.83%,LC-2A,bullish,False,be_stop,0.0,2.0,,13.33%,2017
Apr 25 2017,Tuesday,08:30,09:00,00:30,London,16.1,0.0,,8.70%,5.71%,8.33%,LC-2A,bearish,True,sl,-1.0,2.0,,8.33%,2017
May 2 2017,Tuesday,07:15,19:00,83:45,London,20.9,8.15,3.28,31.25%,36.36%,27.59%,CE,bullish,True,friday_close,8.1196,2.0,,30.00%,2017
May 2 2017,Tuesday,07:15,19:00,83:45,London,20.9,8.15,3.28,28.26%,34.38%,19.64%,CE,bullish,False,friday_close,8.1196,2.0,,22.41%,2017
May 8 2017,Monday,14:15,17:00,02:45,New York,16.0,1.17,,6.25%,19.77%,29.79%,LC-2B,bearish,True,sl,-1.0,2.0,,21.59%,2017
May 30 2017,Tuesday,09:15,13:00,03:45,London,28.2,0.77,,54.35%,40.79%,41.46%,LC-2A,bearish,True,sl,-1.0,2.0,,40.00%,2017
Jun 1 2017,Thursday,07:30,08:00,00:30,London,17.1,0.0,,15.22%,22.86%,22.86%,LC-1,bullish,True,sl,-1.0,2.0,,22.86%,2017
Jun 22 2017,Thursday,12:15,15:00,02:45,New York,13.9,2.74,,28.26%,32.89%,26.83%,LC-2A,bearish,True,sl,-1.0,2.0,,26.83%,2017
Jun 23 2017,Friday,11:00,19:00,08:00,London,45.6,0.76,,-17.39%,31.82%,37.27%,CE,bullish,True,friday_close,0.3706,2.0,,40.00%,2017
Jul 3 2017,Monday,12:30,13:00,00:30,New York,15.0,0.0,,14.29%,12.50%,12.50%,LC-1,bullish,True,sl,-1.0,2.0,,12.50%,2017
Jul 14 2017,Friday,08:30,13:00,04:30,London,19.8,1.14,,21.74%,39.36%,33.33%,LC-2A,bullish,True,sl,-1.0,2.0,,33.33%,2017
Jul 18 2017,Tuesday,08:00,09:00,01:00,London,27.85,1.19,,34.00%,48.68%,31.08%,CE,bullish,True,sl,-1.0,2.0,,31.08%,2017
Jul 21 2017,Friday,07:15,10:00,02:45,London,15.7,0.39,,41.30%,50.00%,52.63%,LC-1,bearish,True,sl,-1.0,2.0,,50.00%,2017
Jul 21 2017,Friday,07:15,10:00,02:45,London,15.7,0.39,,41.30%,50.00%,52.63%,LC-1,bearish,False,sl,-1.0,2.0,,50.00%,2017
Jul 25 2017,Tuesday,08:15,19:00,82:45,London,15.3,12.63,8.22,-12.50%,4.26%,12.79%,LC-2A,bullish,True,friday_close,5.8562,2.0,,-4.65%,2017
Jul 25 2017,Tuesday,13:15,14:00,00:45,New York,19.0,0.0,,22.41%,21.88%,21.88%,LC-2A,bearish,True,sl,-1.0,2.0,,21.88%,2017
Aug 7 2017,Monday,08:30,10:00,01:30,London,25.9,0.0,,43.10%,47.67%,48.86%,LC-2A,bearish,True,sl,-1.0,2.0,,46.43%,2017
Aug 7 2017,Monday,09:45,10:00,00:15,London,14.1,0.06,,43.10%,53.57%,51.16%,LC-1,bearish,False,sl,-1.0,2.0,,51.16%,2017
Aug 15 2017,Tuesday,08:00,09:00,01:00,London,20.1,0.0,,-23.91%,0.00%,0.00%,LC-1,bullish,True,sl,-1.0,2.0,,0.00%,2017
Aug 17 2017,Thursday,08:30,09:00,00:30,London,19.7,0.05,,60.87%,65.71%,65.71%,LC-1,bearish,True,sl,-1.0,2.0,,65.71%,2017
Aug 21 2017,Monday,09:15,10:00,00:45,London,13.1,0.0,,47.83%,50.00%,61.43%,LC-1,bearish,True,sl,-1.0,2.0,,61.43%,2017
Aug 25 2017,Friday,08:45,19:00,10:15,London,19.6,2.33,,-17.39%,25.00%,10.00%,LC-2B,bullish,True,friday_close,1.1735,2.0,,3.85%,2017
Sep 1 2017,Friday,09:30,19:00,09:30,London,14.6,5.22,,21.74%,37.50%,22.73%,LC-1,bullish,True,friday_close,4.4247,2.0,,20.31%,2017
Sep 29 2017,Friday,08:15,19:00,10:45,London,33.55,2.29,,-4.35%,21.05%,18.57%,CE,bearish,True,friday_close,0.7228,2.0,,1.56%,2017
Oct 2 2017,Monday,08:00,19:00,107:00,London,19.2,19.31,7.69,2.17%,25.00%,41.67%,CE,bearish,True,friday_close,18.5781,2.0,,15.00%,2017
Oct 9 2017,Monday,07:45,08:00,00:15,London,20.8,0.09,,25.00%,33.65%,32.08%,LC-1,bearish,True,sl,-1.0,2.0,,32.08%,2017
Oct 11 2017,Wednesday,07:15,08:00,00:45,London,11.0,0.0,,15.62%,21.88%,21.88%,LC-2A,bullish,True,sl,-1.0,2.0,,21.88%,2017
Oct 16 2017,Monday,10:00,19:00,09:00,London,15.7,3.02,3.02,28.26%,20.00%,36.36%,LC-1,bearish,True,be_stop,0.0,2.0,,27.42%,2017
Oct 18 2017,Wednesday,15:00,16:00,01:00,New York,21.3,0.0,,40.91%,52.13%,41.18%,LC-2A,bearish,True,sl,-1.0,2.0,,41.18%,2017
Nov 3 2017,Friday,14:15,15:00,00:45,New York,31.9,0.0,,55.41%,52.50%,53.28%,LC-2A,bearish,True,sl,-1.0,2.0,,53.28%,2017
Nov 20 2017,Monday,09:15,10:00,00:45,London,17.0,0.0,,32.26%,26.60%,26.60%,LC-2A,bearish,True,sl,-1.0,2.0,,26.60%,2017
Nov 22 2017,Wednesday,13:30,19:00,05:30,New York,19.5,1.54,,4.00%,33.33%,26.67%,LC-1,bullish,True,cut_19h,-0.0308,2.0,,25.00%,2017
Nov 24 2017,Friday,09:15,10:00,00:45,London,15.9,0.0,,28.26%,40.70%,38.64%,LC-2A,bearish,True,sl,-1.0,2.0,,38.64%,2017
Dec 13 2017,Wednesday,08:15,19:00,10:45,London,21.75,2.22,,15.22%,49.00%,49.00%,CE,bullish,True,cut_19h,-0.9218,2.0,,45.45%,2017
Dec 20 2017,Wednesday,07:30,08:00,00:30,London,13.2,0.0,,19.64%,30.77%,25.00%,LC-2A,bearish,True,sl,-1.0,2.0,,25.00%,2017
Jan 3 2018,Wednesday,13:45,14:00,00:15,New York,13.9,0.0,,37.10%,37.50%,37.50%,LC-1,bullish,True,sl,-1.0,2.0,,37.50%,2018
Jan 17 2018,Wednesday,08:15,19:00,58:45,London,27.3,7.03,5.74,8.70%,35.23%,15.62%,LC-2A,bullish,True,friday_close,2.663,2.0,,12.07%,2018
Jan 19 2018,Friday,08:30,19:00,10:30,London,26.3,3.33,,-4.35%,11.22%,30.00%,LC-1,bearish,True,friday_close,2.2776,2.0,,11.22%,2018
Jan 26 2018,Friday,12:15,19:00,06:45,New York,25.8,8.44,,15.22%,26.92%,32.89%,LC-2A,bearish,True,friday_close,6.8566,2.0,,25.00%,2018
Jan 26 2018,Friday,12:15,19:00,06:45,New York,25.8,8.44,,8.70%,23.08%,28.95%,LC-2A,bearish,False,friday_close,6.8566,2.0,,21.05%,2018
Jan 31 2018,Wednesday,13:30,14:00,00:30,New York,19.8,0.0,,12.50%,9.30%,16.67%,LC-2A,bearish,True,sl,-1.0,2.0,,16.67%,2018
Feb 19 2018,Monday,07:15,09:00,01:45,London,14.6,0.92,,34.78%,36.25%,33.82%,LC-2A,bearish,True,sl,-1.0,2.0,,33.82%,2018
Mar 6 2018,Tuesday,12:30,13:00,72:30,New York,17.4,9.12,4.68,34.78%,27.14%,46.15%,LC-2A,bearish,True,be_stop,0.0,2.0,,27.14%,2018
Mar 19 2018,Monday,08:15,09:00,00:45,London,27.6,0.0,,30.77%,40.79%,33.33%,LC-2A,bearish,True,sl,-1.0,2.0,,33.33%,2018
Mar 23 2018,Friday,08:30,09:00,00:30,London,27.05,0.0,,11.76%,18.75%,25.00%,CE,bullish,True,sl,-1.0,2.0,,25.00%,2018
Apr 2 2018,Monday,14:00,09:00,19:00,New York,16.3,7.01,7.01,22.58%,35.00%,26.53%,LC-1,bearish,True,be_stop,0.0,2.0,,21.59%,2018
Apr 4 2018,Wednesday,07:45,08:00,00:15,London,15.3,0.0,,15.22%,37.50%,35.14%,LC-1,bullish,True,sl,-1.0,2.0,,35.14%,2018
Apr 6 2018,Friday,08:00,09:00,01:00,London,15.6,0.0,,15.22%,28.75%,32.50%,LC-2A,bearish,True,sl,-1.0,2.0,,32.50%,2018
Apr 6 2018,Friday,08:00,09:00,01:00,London,15.6,0.0,,15.22%,28.75%,32.50%,LC-2A,bearish,False,sl,-1.0,2.0,,32.50%,2018
Apr 24 2018,Tuesday,08:15,09:00,00:45,London,15.3,0.0,,-10.87%,12.79%,14.29%,LC-2A,bullish,True,sl,-1.0,2.0,,14.29%,2018
May 2 2018,Wednesday,12:15,19:00,54:45,New York,12.8,22.42,4.55,41.30%,39.29%,37.93%,LC-2A,bearish,True,friday_close,16.9687,2.0,,39.29%,2018
May 4 2018,Friday,07:30,19:00,11:30,London,22.0,4.04,,47.83%,47.06%,39.19%,LC-1,bearish,True,friday_close,0.8636,2.0,,31.43%,2018
May 10 2018,Thursday,08:15,09:00,00:45,London,18.4,0.0,,2.17%,11.54%,-1.47%,LC-1,bullish,True,sl,-1.0,2.0,,-1.47%,2018
May 14 2018,Monday,12:30,14:00,01:30,New York,11.3,1.87,,12.50%,23.26%,23.26%,LC-1,bearish,True,sl,-1.0,2.0,,23.26%,2018
May 18 2018,Friday,12:15,19:00,06:45,New York,17.0,3.34,,-4.35%,23.47%,25.00%,LC-1,bearish,True,friday_close,2.7235,2.0,,18.75%,2018
Jun 4 2018,Monday,13:30,14:00,00:30,New York,21.8,0.06,,-6.25%,10.00%,14.29%,LC-1,bullish,True,sl,-1.0,2.0,,14.29%,2018
Jun 11 2018,Monday,12:30,13:00,72:30,New York,11.4,9.35,3.61,10.00%,6.25%,14.86%,LC-1,bullish,True,be_stop,0.0,2.0,,-1.61%,2018
Jun 19 2018,Tuesday,13:30,19:00,05:30,New York,37.35,1.03,,50.00%,55.88%,57.14%,CE,bearish,True,cut_19h,-0.2664,2.0,,55.88%,2018
Jul 10 2018,Tuesday,07:30,23:00,15:30,London,16.5,4.45,4.45,8.70%,28.95%,13.64%,LC-1,bullish,True,be_stop,0.0,2.0,,8.06%,2018
Jul 10 2018,Tuesday,13:15,21:00,07:45,New York,22.2,2.04,2.04,2.17%,25.00%,18.57%,CE,bullish,True,be_stop,0.0,2.0,,15.00%,2018
Jul 11 2018,Wednesday,13:45,14:00,00:15,New York,25.1,0.06,,8.70%,29.41%,25.00%,LC-1,bearish,True,sl,-1.0,2.0,,25.00%,2018
Jul 11 2018,Wednesday,13:45,14:00,00:15,New York,25.1,0.06,,2.17%,25.00%,20.59%,LC-1,bearish,False,sl,-1.0,2.0,,20.59%,2018
Jul 16 2018,Monday,14:15,15:00,00:45,New York,11.3,0.56,,14.29%,11.76%,14.86%,LC-2A,bullish,True,sl,-1.0,2.0,,14.86%,2018
Jul 17 2018,Tuesday,09:30,12:00,02:30,London,24.2,0.7,,28.26%,38.24%,45.83%,LC-2A,bullish,True,sl,-1.0,2.0,,45.83%,2018
Jul 31 2018,Tuesday,07:30,08:00,00:30,London,22.5,0.11,,6.25%,10.00%,17.35%,LC-2A,bearish,True,sl,-1.0,2.0,,17.35%,2018
Aug 29 2018,Wednesday,07:45,19:00,59:15,London,13.0,21.17,19.76,3.57%,17.02%,25.00%,LC-2A,bullish,True,friday_close,7.3231,2.0,,6.25%,2018
Aug 29 2018,Wednesday,13:30,14:00,00:30,New York,19.4,0.0,,27.59%,23.33%,25.00%,LC-1,bearish,True,sl,-1.0,2.0,,25.00%,2018
Sep 3 2018,Monday,09:15,18:00,32:45,London,17.0,4.06,2.62,18.75%,27.27%,36.84%,LC-1,bearish,True,be_stop,0.0,2.0,,25.00%,2018
Sep 6 2018,Thursday,14:45,15:00,00:15,New York,22.9,0.0,,-4.35%,17.11%,17.11%,LC-2A,bullish,True,sl,-1.0,2.0,,17.11%,2018
Sep 10 2018,Monday,08:00,19:00,107:00,London,20.7,18.15,8.57,2.17%,30.49%,31.43%,LC-2A,bullish,True,friday_close,15.3816,2.0,,10.00%,2018
Sep 10 2018,Monday,07:30,08:00,00:30,London,10.5,0.88,,28.26%,40.00%,32.26%,LC-1,bearish,True,sl,-1.0,2.0,,32.26%,2018
Sep 12 2018,Wednesday,16:00,17:00,01:00,New York,39.0,0.26,,-6.25%,19.23%,29.25%,CE,bearish,True,sl,-1.0,2.0,,29.25%,2018
Sep 17 2018,Monday,08:30,09:00,00:30,London,9.35,1.11,,-4.35%,15.62%,18.18%,CE,bearish,True,sl,-1.0,2.0,,18.18%,2018
Oct 1 2018,Monday,09:15,13:00,03:45,London,19.4,2.26,,14.29%,19.00%,27.68%,LC-2A,bearish,True,sl,-1.0,2.0,,20.59%,2018
Oct 15 2018,Monday,09:15,10:00,00:45,London,23.8,0.0,,43.75%,41.94%,43.75%,LC-1,bearish,True,sl,-1.0,2.0,,43.75%,2018
Oct 31 2018,Wednesday,09:15,11:00,01:45,London,13.1,0.53,,15.22%,22.97%,20.31%,LC-2A,bearish,True,sl,-1.0,2.0,,20.31%,2018
Dec 3 2018,Monday,08:15,19:00,106:45,London,20.4,12.12,5.57,16.00%,32.65%,62.50%,LC-2A,bearish,True,friday_close,9.2598,2.0,,34.78%,2018
Dec 5 2018,Wednesday,12:15,13:00,00:45,New York,19.6,0.0,,34.78%,32.89%,34.62%,LC-2A,bearish,True,sl,-1.0,2.0,,34.62%,2018
Dec 6 2018,Thursday,13:30,17:00,03:30,New York,11.9,4.87,,56.25%,39.19%,47.06%,LC-2B,bearish,True,sl,-1.0,2.0,,47.06%,2018
Dec 10 2018,Monday,07:45,08:00,00:15,London,15.9,0.0,,47.83%,55.41%,55.41%,LC-1,bearish,True,sl,-1.0,2.0,,55.41%,2018
Dec 13 2018,Thursday,14:15,19:00,04:45,New York,22.7,1.52,,34.78%,45.12%,40.79%,LC-2A,bearish,True,cut_19h,-0.0793,2.0,,33.33%,2018
Dec 14 2018,Friday,08:15,19:00,10:45,London,23.2,3.59,,37.50%,30.23%,33.33%,LC-2A,bearish,True,friday_close,2.8534,2.0,,28.41%,2018
Dec 18 2018,Tuesday,09:45,11:00,01:15,London,28.15,0.71,,34.78%,34.62%,43.75%,CE,bearish,True,sl,-1.0,2.0,,43.75%,2018
Dec 21 2018,Friday,08:45,09:00,00:15,London,16.7,0.0,,-25.00%,0.00%,3.12%,LC-1,bullish,True,sl,-1.0,2.0,,3.12%,2018
Jan 8 2019,Tuesday,07:30,10:00,02:30,London,34.85,0.49,,-4.35%,16.00%,9.30%,CE,bullish,True,sl,-1.0,2.0,,9.30%,2019
Jan 28 2019,Monday,08:15,09:00,00:45,London,15.5,0.0,,31.25%,35.14%,40.79%,LC-2A,bullish,True,sl,-1.0,2.0,,40.79%,2019
Feb 8 2019,Friday,07:15,10:00,02:45,London,15.8,0.97,,37.50%,38.24%,29.69%,LC-2A,bearish,True,sl,-1.0,2.0,,29.69%,2019
Feb 15 2019,Friday,07:15,10:00,02:45,London,26.3,1.21,,27.59%,41.46%,31.08%,LC-2A,bearish,True,sl,-1.0,2.0,,29.17%,2019
Apr 1 2019,Monday,09:15,22:00,12:45,London,20.3,5.9,5.9,28.26%,32.98%,47.30%,LC-1,bullish,True,be_stop,0.0,2.0,,28.26%,2019
Apr 10 2019,Wednesday,09:45,11:00,01:15,London,23.3,0.18,,30.00%,43.33%,36.67%,LC-2B,bearish,True,sl,-1.0,2.0,,36.67%,2019
Apr 19 2019,Friday,15:15,19:00,03:45,New York,9.8,0.94,,-4.35%,20.83%,4.55%,CE,bearish,True,friday_close,0.7959,2.0,,14.29%,2019
Apr 19 2019,Friday,15:15,19:00,03:45,New York,9.8,0.94,,-4.35%,20.83%,9.09%,CE,bearish,False,friday_close,0.7959,2.0,,18.57%,2019
May 20 2019,Monday,09:15,13:00,27:45,London,13.4,5.51,5.12,35.71%,43.75%,31.08%,LC-2A,bearish,True,be_stop,0.0,2.0,,43.24%,2019
May 31 2019,Friday,13:45,19:00,05:15,New York,44.45,0.72,,66.67%,62.50%,70.00%,CE,bearish,True,friday_close,0.1114,2.0,,62.50%,2019
Jun 4 2019,Tuesday,07:30,08:00,00:30,London,14.4,0.0,,60.87%,53.12%,54.55%,LC-1,bearish,True,sl,-1.0,2.0,,54.55%,2019
Jun 11 2019,Tuesday,08:00,16:00,32:00,London,11.7,5.38,5.38,8.70%,39.29%,29.41%,LC-2A,bullish,True,be_stop,0.0,2.0,,15.00%,2019
Jun 14 2019,Friday,07:30,19:00,11:30,London,8.7,8.69,,60.87%,58.75%,53.12%,LC-1,bearish,True,friday_close,6.8851,2.0,,48.68%,2019
Jul 1 2019,Monday,12:15,05:00,16:45,New York,17.6,1.95,1.95,35.00%,33.33%,38.39%,LC-2A,bullish,True,be_stop,0.0,2.0,,30.56%,2019
Jul 8 2019,Monday,07:15,08:00,00:45,London,10.4,0.0,,-12.50%,9.30%,12.79%,LC-2A,bullish,True,sl,-1.0,2.0,,12.79%,2019
Jul 15 2019,Monday,07:30,19:00,107:30,London,10.8,17.36,7.14,41.30%,48.78%,31.52%,LC-2A,bearish,True,friday_close,9.3426,2.0,,42.86%,2019
Aug 2 2019,Friday,13:15,14:00,00:45,New York,15.7,0.0,,54.35%,43.10%,51.61%,LC-1,bearish,True,sl,-1.0,2.0,,51.61%,2019
Aug 7 2019,Wednesday,12:30,13:00,00:30,New York,14.0,0.0,,-18.75%,-4.55%,-9.46%,LC-1,bullish,True,sl,-1.0,2.0,,-9.46%,2019
Aug 16 2019,Friday,09:00,19:00,10:00,London,13.9,6.17,,-10.87%,1.56%,9.09%,LC-1,bullish,True,friday_close,3.2446,2.0,,-1.61%,2019
Oct 11 2019,Friday,08:15,09:00,00:45,London,24.6,0.0,,18.75%,37.50%,35.71%,LC-1,bullish,True,sl,-1.0,2.0,,35.71%,2019
Nov 13 2019,Wednesday,14:30,15:00,00:30,New York,10.9,0.0,,7.69%,7.45%,5.43%,LC-1,bullish,True,sl,-1.0,2.0,,5.43%,2019
Nov 14 2019,Thursday,14:30,20:00,05:30,New York,19.45,0.79,0.79,28.26%,42.65%,47.30%,CE,bearish,True,be_stop,0.0,2.0,,47.06%,2019
Nov 15 2019,Friday,10:00,12:00,02:00,London,20.4,0.0,,12.50%,36.67%,29.41%,LC-2A,bearish,True,sl,-1.0,2.0,,29.41%,2019
Nov 29 2019,Friday,09:45,15:00,05:15,London,19.15,0.59,,22.00%,11.36%,17.86%,CE,bearish,True,sl,-1.0,2.0,,16.67%,2019
Dec 9 2019,Monday,14:30,15:00,00:30,New York,13.2,0.43,,-10.87%,13.64%,25.00%,LC-1,bearish,True,sl,-1.0,2.0,,25.00%,2019
Dec 18 2019,Wednesday,12:30,13:00,00:30,New York,17.5,0.0,,32.76%,39.29%,39.29%,LC-2B,bullish,True,sl,-1.0,2.0,,39.29%,2019
Dec 20 2019,Friday,12:15,19:00,06:45,New York,15.9,3.49,,0.00%,12.90%,12.90%,LC-2A,bullish,True,friday_close,-0.0314,2.0,,10.00%,2019
Dec 31 2019,Tuesday,07:30,16:00,56:30,London,14.0,12.85,12.85,3.57%,19.44%,8.33%,LC-2A,bullish,True,be_stop,0.0,2.0,,14.29%,2019
Jan 9 2020,Thursday,14:15,19:00,28:45,New York,32.05,2.4,1.18,29.69%,31.82%,37.00%,CE,bullish,True,friday_close,0.8534,2.0,,30.36%,2020
Jan 15 2020,Wednesday,08:45,09:00,00:15,London,18.0,0.21,,8.93%,13.33%,21.74%,LC-1,bullish,True,sl,-1.0,2.0,,21.74%,2020
Jan 21 2020,Tuesday,12:15,13:00,00:45,New York,13.4,0.0,,5.56%,6.67%,7.95%,LC-2A,bearish,True,sl,-1.0,2.0,,7.95%,2020
Jan 23 2020,Thursday,13:30,14:00,00:30,New York,11.1,0.0,,18.75%,28.75%,37.80%,LC-1,bullish,True,sl,-1.0,2.0,,37.80%,2020
Feb 11 2020,Tuesday,09:30,19:00,81:30,London,26.5,5.68,1.85,-4.35%,13.75%,28.57%,CE,bullish,True,friday_close,4.1547,2.0,,15.38%,2020
Feb 12 2020,Wednesday,07:15,08:00,00:45,London,9.5,0.0,,28.00%,21.05%,26.67%,CE,bearish,True,sl,-1.0,2.0,,26.67%,2020
Feb 12 2020,Wednesday,07:15,23:00,15:45,London,11.8,4.36,4.36,28.26%,37.80%,29.41%,LC-1,bullish,True,be_stop,0.0,2.0,,20.00%,2020
Mar 4 2020,Wednesday,07:45,12:00,04:15,London,13.25,2.9,,56.25%,54.17%,51.35%,CE,bearish,True,sl,-1.0,2.0,,51.35%,2020
Mar 11 2020,Wednesday,07:15,19:00,11:45,London,108.0,1.37,,-17.39%,28.75%,30.49%,LC-2A,bullish,True,cut_19h,-0.7102,2.0,,28.75%,2020
Mar 27 2020,Friday,09:00,10:00,01:00,London,56.35,0.0,,28.26%,29.79%,31.52%,CE,bearish,True,sl,-1.0,2.0,,31.52%,2020
Mar 27 2020,Friday,13:00,15:00,02:00,New York,33.1,1.75,,34.78%,31.82%,30.00%,LC-1,bearish,False,sl,-1.0,2.0,,30.00%,2020
Apr 3 2020,Friday,07:30,08:00,00:30,London,15.5,0.68,,2.17%,27.14%,25.00%,LC-2A,bullish,True,sl,-1.0,2.0,,25.00%,2020
Apr 3 2020,Friday,07:30,08:00,00:30,London,15.5,0.68,,2.17%,27.14%,25.00%,LC-2A,bullish,False,sl,-1.0,2.0,,25.00%,2020
Apr 10 2020,Friday,13:15,14:00,00:45,New York,8.8,0.0,,-1.79%,9.21%,7.69%,LC-2A,bearish,True,sl,-1.0,2.0,,7.69%,2020
Apr 22 2020,Wednesday,14:15,06:00,15:45,New York,14.3,4.26,4.26,54.35%,43.24%,39.19%,LC-2A,bearish,True,be_stop,0.0,2.0,,35.71%,2020
May 8 2020,Friday,12:30,19:00,06:30,New York,11.4,8.96,,-4.35%,20.83%,4.26%,LC-2A,bullish,True,friday_close,6.3158,2.0,,2.17%,2020
May 15 2020,Friday,08:15,10:00,01:45,London,19.7,0.47,,-30.43%,-4.65%,-5.00%,LC-2A,bullish,True,sl,-1.0,2.0,,-10.53%,2020
May 20 2020,Wednesday,09:15,17:00,07:45,London,17.4,2.36,,-4.35%,6.25%,17.11%,LC-2A,bullish,True,sl,-1.0,2.0,,16.67%,2020
May 21 2020,Thursday,08:30,09:00,00:30,London,12.4,1.19,,34.78%,28.57%,30.23%,LC-2A,bearish,True,sl,-1.0,2.0,,30.23%,2020
May 22 2020,Friday,07:45,08:00,00:15,London,11.4,0.0,,-17.39%,-8.33%,-8.62%,LC-1,bullish,True,sl,-1.0,2.0,,-8.62%,2020
May 25 2020,Monday,09:15,21:00,11:45,London,11.1,2.5,2.5,8.70%,13.33%,6.76%,LC-2A,bullish,True,be_stop,0.0,2.0,,1.43%,2020
Jun 2 2020,Tuesday,07:30,19:00,83:30,London,45.8,10.72,3.69,28.26%,27.42%,25.00%,CE,bullish,True,friday_close,8.893,2.0,,25.00%,2020
Jun 9 2020,Tuesday,15:00,16:00,01:00,New York,46.8,0.0,,-10.87%,11.76%,11.76%,LC-1,bearish,True,sl,-1.0,2.0,,11.76%,2020
Jun 10 2020,Wednesday,08:15,09:00,00:45,London,33.3,0.0,,25.00%,35.23%,37.21%,LC-1,bullish,True,sl,-1.0,2.0,,37.21%,2020
Jun 10 2020,Wednesday,08:15,09:00,00:45,London,33.3,0.0,,31.25%,42.05%,40.70%,LC-2A,bullish,False,sl,-1.0,2.0,,40.70%,2020
Jun 15 2020,Monday,14:15,20:00,29:45,New York,16.9,9.59,2.01,15.22%,22.97%,11.76%,LC-1,bullish,True,be_stop,0.0,2.0,,17.11%,2020
Jun 22 2020,Monday,09:15,10:00,00:45,London,14.4,0.0,,32.76%,26.92%,35.71%,LC-2A,bearish,True,sl,-1.0,2.0,,35.71%,2020
Jul 3 2020,Friday,07:15,08:00,00:45,London,11.1,1.26,,47.83%,38.46%,50.00%,LC-2A,bullish,True,sl,-1.0,2.0,,50.00%,2020
Jul 3 2020,Friday,07:15,08:00,00:45,London,11.1,1.26,,41.30%,34.62%,46.15%,LC-2A,bullish,False,sl,-1.0,2.0,,46.15%,2020
Jul 23 2020,Thursday,09:45,12:00,02:15,London,22.5,0.69,,27.78%,32.89%,36.17%,LC-1,bullish,True,sl,-1.0,2.0,,36.17%,2020
Jul 23 2020,Thursday,09:45,12:00,02:15,London,22.5,0.69,,27.78%,32.89%,39.36%,LC-2A,bullish,False,sl,-1.0,2.0,,39.36%,2020
Jul 29 2020,Wednesday,07:15,19:00,59:45,London,13.7,24.87,4.83,42.31%,51.25%,36.36%,LC-2A,bullish,True,friday_close,21.2847,2.0,,43.24%,2020
Jul 29 2020,Wednesday,07:15,19:00,59:45,London,13.7,24.87,4.83,32.26%,43.33%,28.95%,LC-2A,bullish,False,friday_close,21.2847,2.0,,35.71%,2020
Aug 7 2020,Friday,08:15,19:00,10:45,London,22.5,2.53,,21.74%,30.00%,26.83%,LC-1,bearish,True,friday_close,0.6711,2.0,,19.23%,2020
Aug 18 2020,Tuesday,08:45,09:00,00:15,London,14.0,0.0,,25.00%,26.74%,23.26%,LC-1,bearish,True,sl,-1.0,2.0,,23.26%,2020
Aug 24 2020,Monday,13:15,04:00,14:45,New York,17.1,3.29,3.29,20.00%,26.83%,30.23%,LC-2A,bearish,True,be_stop,0.0,2.0,,23.08%,2020
Sep 2 2020,Wednesday,07:45,08:00,00:15,London,16.6,0.0,,21.74%,32.89%,14.29%,LC-2A,bullish,True,sl,-1.0,2.0,,14.29%,2020
Sep 7 2020,Monday,09:15,19:00,105:45,London,18.1,26.67,4.43,41.30%,45.45%,56.58%,LC-1,bearish,True,friday_close,25.6575,2.0,,32.14%,2020
Sep 8 2020,Tuesday,07:15,19:00,83:45,London,19.2,21.05,9.07,2.17%,11.54%,40.79%,LC-2A,bearish,True,friday_close,20.0937,2.0,,6.90%,2020
Sep 10 2020,Thursday,14:45,15:00,00:15,New York,23.8,0.0,,-36.96%,10.71%,12.79%,LC-2A,bullish,True,sl,-1.0,2.0,,12.79%,2020
Sep 28 2020,Monday,08:00,19:00,107:00,London,17.7,13.69,9.31,12.50%,36.25%,20.31%,CE,bullish,True,friday_close,9.6271,2.0,,13.16%,2020
Oct 8 2020,Thursday,13:30,14:00,00:30,New York,18.3,0.42,,12.50%,28.57%,36.84%,LC-1,bearish,True,sl,-1.0,2.0,,36.84%,2020
Oct 20 2020,Tuesday,07:15,09:00,01:45,London,11.4,2.54,,8.70%,27.27%,8.06%,CE,bearish,True,sl,-1.0,2.0,,8.06%,2020
Oct 23 2020,Friday,13:45,15:00,01:15,New York,32.2,0.22,,19.64%,37.00%,41.18%,CE,bullish,True,sl,-1.0,2.0,,40.00%,2020
Oct 23 2020,Friday,09:30,13:00,03:30,London,18.1,1.52,,12.07%,17.50%,23.17%,LC-2A,bearish,True,sl,-1.0,2.0,,19.51%,2020
Oct 30 2020,Friday,12:15,13:00,00:45,New York,22.7,0.0,,28.26%,32.14%,32.14%,LC-2A,bearish,True,sl,-1.0,2.0,,32.14%,2020
Nov 16 2020,Monday,08:15,11:00,02:45,London,22.8,1.75,,15.22%,22.97%,17.11%,LC-1,bearish,True,sl,-1.0,2.0,,17.11%,2020
Nov 20 2020,Friday,09:00,16:00,07:00,London,19.0,0.57,,12.07%,23.33%,29.79%,CE,bearish,True,sl,-1.0,2.0,,28.26%,2020
Nov 25 2020,Wednesday,15:00,16:00,01:00,New York,17.2,0.0,,16.00%,17.86%,6.25%,LC-1,bearish,True,sl,-1.0,2.0,,6.25%,2020
Dec 11 2020,Friday,07:45,19:00,11:15,London,29.1,5.39,,41.30%,39.19%,31.43%,CE,bearish,True,friday_close,2.7491,2.0,,29.69%,2020
Dec 11 2020,Friday,07:45,19:00,11:15,London,29.1,5.39,,41.30%,39.19%,31.43%,CE,bearish,False,friday_close,2.7491,2.0,,29.69%,2020
Dec 14 2020,Monday,12:45,16:00,27:15,New York,24.3,3.83,3.33,27.59%,33.33%,39.29%,LC-1,bearish,True,be_stop,0.0,2.0,,28.41%,2020
Dec 15 2020,Tuesday,14:15,15:00,00:45,New York,13.3,0.0,,19.23%,30.23%,35.23%,LC-1,bullish,True,sl,-1.0,2.0,,35.23%,2020
Dec 30 2020,Wednesday,08:00,22:00,110:00,London,11.4,11.96,6.32,21.74%,34.15%,22.73%,LC-2B,bullish,True,friday_close,7.4123,2.0,,14.86%,2020
Jan 6 2021,Wednesday,14:45,19:00,04:15,New York,42.9,0.37,,0.00%,26.53%,25.00%,CE,bearish,True,cut_19h,-0.6946,2.0,,20.21%,2021
Jan 11 2021,Monday,08:15,10:00,01:45,London,14.9,0.34,,28.26%,37.50%,41.67%,LC-2A,bullish,True,sl,-1.0,2.0,,41.67%,2021
Jan 11 2021,Monday,09:15,15:00,05:45,London,17.0,0.96,,-4.35%,23.33%,26.60%,LC-1,bearish,True,sl,-1.0,2.0,,18.48%,2021
Feb 3 2021,Wednesday,08:15,12:00,27:45,London,17.2,4.05,2.46,19.64%,30.56%,32.14%,LC-2A,bearish,True,be_stop,0.0,2.0,,26.42%,2021
Feb 11 2021,Thursday,14:00,15:00,01:00,New York,12.7,0.0,,37.93%,47.50%,52.44%,CE,bullish,True,sl,-1.0,2.0,,52.44%,2021
Feb 11 2021,Thursday,15:15,22:00,06:45,New York,16.8,0.96,0.86,15.22%,28.12%,34.38%,CE,bearish,True,be_stop,0.0,2.0,,34.00%,2021
Mar 15 2021,Monday,13:30,14:00,00:30,New York,12.9,0.0,,8.70%,27.14%,37.50%,LC-1,bullish,True,sl,-1.0,2.0,,37.50%,2021
Mar 24 2021,Wednesday,13:45,14:00,00:15,New York,19.9,0.31,,37.50%,45.12%,40.00%,LC-2A,bearish,True,sl,-1.0,2.0,,40.00%,2021
Mar 24 2021,Wednesday,14:15,15:00,00:45,New York,12.3,0.0,,28.26%,33.82%,31.08%,LC-2A,bearish,False,sl,-1.0,2.0,,31.08%,2021
Mar 31 2021,Wednesday,15:45,16:00,00:15,New York,27.9,0.0,,8.70%,10.00%,3.57%,CE,bullish,True,sl,-1.0,2.0,,3.57%,2021
Apr 2 2021,Friday,16:30,19:00,02:30,New York,23.1,0.66,,8.93%,28.95%,22.97%,CE,bullish,True,friday_close,0.29,2.0,,28.95%,2021
Apr 12 2021,Monday,07:15,12:00,28:45,London,15.5,5.36,3.82,2.17%,17.11%,18.18%,LC-2A,bullish,True,be_stop,0.0,2.0,,15.38%,2021
Apr 12 2021,Monday,13:30,15:00,01:30,New York,17.5,0.17,,28.26%,40.00%,41.30%,LC-1,bullish,True,sl,-1.0,2.0,,40.00%,2021
Apr 14 2021,Wednesday,09:45,15:00,53:15,London,14.2,6.69,3.75,1.56%,5.10%,16.00%,LC-2A,bearish,True,be_stop,0.0,2.0,,8.70%,2021
Apr 16 2021,Friday,09:15,10:00,00:45,London,16.0,0.0,,8.70%,10.00%,2.70%,LC-2A,bearish,True,sl,-1.0,2.0,,2.70%,2021
Apr 21 2021,Wednesday,08:00,13:00,05:00,London,17.5,2.84,,37.93%,42.05%,40.00%,CE,bullish,True,sl,-1.0,2.0,,40.00%,2021
Apr 21 2021,Wednesday,08:15,09:00,00:45,London,19.5,0.0,,-43.48%,7.69%,13.46%,LC-2A,bearish,True,sl,-1.0,2.0,,13.46%,2021
May 6 2021,Thursday,08:00,09:00,01:00,London,15.8,0.29,,22.22%,38.64%,34.15%,LC-1,bullish,True,sl,-1.0,2.0,,34.15%,2021
May 19 2021,Wednesday,08:45,13:00,04:15,London,18.1,0.77,,28.26%,38.24%,40.91%,CE,bullish,True,sl,-1.0,2.0,,39.06%,2021
May 25 2021,Tuesday,09:15,11:00,01:45,London,16.6,0.0,,2.17%,32.14%,39.29%,LC-1,bearish,True,sl,-1.0,2.0,,32.14%,2021
May 31 2021,Monday,15:45,16:00,00:15,New York,15.05,0.0,,15.22%,22.58%,17.74%,CE,bearish,True,sl,-1.0,2.0,,17.74%,2021
Jun 3 2021,Thursday,14:30,21:00,06:30,New York,19.8,1.59,1.59,22.00%,33.33%,34.78%,CE,bearish,True,be_stop,0.0,2.0,,30.00%,2021
Jun 9 2021,Wednesday,08:30,09:00,00:30,London,12.8,0.0,,22.41%,43.75%,34.55%,LC-2A,bearish,True,sl,-1.0,2.0,,34.55%,2021
Jun 15 2021,Tuesday,07:15,08:00,00:45,London,10.65,0.0,,8.70%,17.74%,15.00%,CE,bullish,True,sl,-1.0,2.0,,15.00%,2021
Jul 1 2021,Thursday,07:15,20:00,12:45,London,13.35,3.79,3.79,8.70%,28.26%,21.25%,CE,bullish,True,be_stop,0.0,2.0,,14.77%,2021
Jul 9 2021,Friday,08:15,19:00,10:45,London,26.3,4.83,,8.70%,31.52%,48.36%,LC-1,bullish,True,friday_close,4.6958,2.0,,29.79%,2021
Jul 30 2021,Friday,07:15,15:00,07:45,London,15.1,2.79,,25.00%,38.04%,43.24%,LC-2A,bullish,True,sl,-1.0,2.0,,26.83%,2021
Jul 30 2021,Friday,14:45,19:00,04:15,New York,16.65,3.64,,16.00%,28.41%,23.08%,CE,bearish,True,friday_close,2.7778,2.0,,19.51%,2021
Aug 5 2021,Thursday,08:00,12:00,04:00,London,22.7,0.9,,28.00%,28.26%,36.17%,CE,bullish,True,sl,-1.0,2.0,,34.78%,2021
Aug 13 2021,Friday,15:00,19:00,04:00,New York,13.3,2.47,,41.30%,46.43%,39.19%,LC-1,bearish,True,friday_close,1.782,2.0,,39.19%,2021
Aug 18 2021,Wednesday,14:15,18:00,03:45,New York,13.4,0.72,,30.36%,26.74%,31.82%,LC-2A,bearish,True,sl,-1.0,2.0,,31.82%,2021
Aug 24 2021,Tuesday,07:15,09:00,25:45,London,10.5,7.91,7.91,22.41%,19.77%,34.15%,LC-2A,bearish,True,be_stop,0.0,2.0,,23.26%,2021
Aug 27 2021,Friday,15:45,19:00,03:15,New York,38.6,0.39,,2.17%,31.25%,30.00%,CE,bullish,True,friday_close,0.1736,2.0,,25.00%,2021
Oct 27 2021,Wednesday,08:00,12:00,52:00,London,13.5,9.63,9.63,12.50%,25.00%,14.77%,LC-2A,bearish,True,be_stop,0.0,2.0,,21.05%,2021
Nov 11 2021,Thursday,08:45,06:00,21:15,London,30.95,1.12,1.03,31.43%,35.71%,34.00%,CE,bearish,True,be_stop,0.0,2.0,,30.00%,2021
Dec 1 2021,Wednesday,15:00,16:00,01:00,New York,15.6,0.0,,-4.35%,13.16%,15.38%,LC-2A,bullish,True,sl,-1.0,2.0,,15.38%,2021
Dec 2 2021,Thursday,07:15,08:00,00:45,London,20.3,0.29,,41.30%,47.50%,35.14%,LC-2A,bearish,True,sl,-1.0,2.0,,35.14%,2021
Dec 2 2021,Thursday,07:15,08:00,00:45,London,20.3,0.29,,41.30%,47.50%,39.19%,LC-2A,bearish,False,sl,-1.0,2.0,,39.19%,2021
Dec 2 2021,Thursday,08:15,12:00,03:45,London,23.9,1.19,,-10.87%,28.57%,18.92%,LC-1,bullish,True,sl,-1.0,2.0,,18.92%,2021
Dec 2 2021,Thursday,14:45,19:00,04:15,New York,39.55,0.57,0.57,34.78%,45.83%,50.00%,CE,bearish,True,be_stop,0.0,2.0,,45.83%,2021
Dec 13 2021,Monday,07:45,16:00,08:15,London,17.9,2.88,,8.93%,25.00%,23.26%,LC-2A,bullish,True,sl,-1.0,2.0,,21.05%,2021
Jan 7 2022,Friday,08:15,13:00,04:45,London,17.7,0.73,,28.26%,31.52%,34.38%,LC-2A,bullish,True,sl,-1.0,2.0,,28.26%,2022
Jan 27 2022,Thursday,07:15,08:00,00:45,London,11.5,0.0,,15.22%,27.27%,31.43%,LC-2A,bullish,True,sl,-1.0,2.0,,31.43%,2022
Jan 27 2022,Thursday,07:15,08:00,00:45,London,11.5,0.0,,8.93%,21.05%,25.00%,LC-2A,bullish,False,sl,-1.0,2.0,,25.00%,2022
Feb 8 2022,Tuesday,07:15,09:00,01:45,London,15.3,0.28,,15.22%,34.62%,31.82%,LC-2A,bearish,True,sl,-1.0,2.0,,31.82%,2022
Feb 16 2022,Wednesday,07:15,12:00,04:45,London,19.9,1.15,,15.22%,33.33%,28.75%,LC-1,bullish,True,sl,-1.0,2.0,,23.17%,2022
Feb 16 2022,Wednesday,13:45,19:00,05:15,New York,34.1,1.1,,16.67%,40.62%,43.00%,CE,bearish,True,cut_19h,-0.4252,2.0,,39.36%,2022
Feb 28 2022,Monday,14:30,15:00,00:30,New York,20.4,1.01,,15.22%,16.28%,25.00%,LC-1,bullish,True,sl,-1.0,2.0,,25.00%,2022
Mar 3 2022,Thursday,14:00,15:00,01:00,New York,22.5,0.0,,50.00%,43.75%,39.47%,LC-2A,bullish,True,sl,-1.0,2.0,,39.47%,2022
Mar 25 2022,Friday,09:15,19:00,09:45,London,36.6,2.95,,14.29%,29.79%,17.11%,LC-2A,bullish,True,friday_close,2.2432,2.0,,17.11%,2022
Apr 4 2022,Monday,12:45,13:00,00:15,New York,13.8,1.33,,21.74%,35.71%,26.83%,LC-2A,bullish,True,sl,-1.0,2.0,,26.83%,2022
May 11 2022,Wednesday,07:15,14:00,06:45,London,15.9,5.09,,6.25%,28.95%,3.23%,LC-2A,bearish,True,sl,-1.0,2.0,,3.23%,2022
Jun 27 2022,Monday,07:45,02:00,18:15,London,38.6,2.01,2.01,41.30%,44.19%,48.78%,CE,bullish,True,be_stop,0.0,2.0,,31.08%,2022
Jun 27 2022,Monday,09:15,17:00,07:45,London,25.3,1.78,,10.94%,18.18%,29.59%,LC-2A,bearish,True,sl,-1.0,2.0,,25.00%,2022
Jul 8 2022,Friday,14:30,16:00,01:30,New York,27.3,1.7,,12.50%,14.86%,17.11%,LC-2A,bearish,True,sl,-1.0,2.0,,17.11%,2022
Jul 13 2022,Wednesday,13:15,15:00,01:45,New York,20.1,2.44,,16.67%,35.71%,18.75%,LC-2A,bearish,True,sl,-1.0,2.0,,18.75%,2022
Jul 19 2022,Tuesday,07:30,08:00,00:30,London,17.7,0.0,,16.00%,23.33%,23.33%,LC-1,bearish,True,sl,-1.0,2.0,,23.33%,2022
Jul 25 2022,Monday,13:30,14:00,00:30,New York,20.9,0.25,,18.75%,20.31%,27.27%,LC-2A,bearish,True,sl,-1.0,2.0,,27.27%,2022
Jul 28 2022,Thursday,07:30,10:00,02:30,London,24.3,2.0,,8.93%,25.00%,13.16%,LC-2A,bullish,True,sl,-1.0,2.0,,13.16%,2022
Aug 5 2022,Friday,09:15,19:00,09:45,London,55.25,3.12,,-4.35%,23.53%,32.50%,CE,bullish,True,friday_close,2.5348,2.0,,21.88%,2022
Aug 9 2022,Tuesday,07:15,09:00,01:45,London,15.9,2.85,,6.25%,20.83%,25.00%,LC-2A,bearish,True,sl,-1.0,2.0,,20.83%,2022
Aug 19 2022,Friday,13:15,19:00,05:45,New York,26.4,1.58,,-17.39%,26.42%,41.30%,LC-1,bearish,True,friday_close,0.947,2.0,,21.59%,2022
Aug 22 2022,Monday,12:15,13:00,00:45,New York,24.4,0.0,,22.41%,28.26%,26.83%,LC-1,bearish,True,sl,-1.0,2.0,,26.83%,2022
Aug 30 2022,Tuesday,13:45,14:00,00:15,New York,16.6,1.89,,21.74%,37.21%,44.19%,LC-2A,bullish,True,sl,-1.0,2.0,,44.19%,2022
Sep 8 2022,Thursday,09:30,05:00,19:30,London,56.4,1.44,0.9,15.22%,39.19%,33.82%,LC-1,bullish,True,be_stop,0.0,2.0,,29.17%,2022
Oct 10 2022,Monday,09:45,10:00,00:15,London,39.0,0.0,,21.74%,27.27%,15.62%,CE,bearish,True,sl,-1.0,2.0,,15.62%,2022
Oct 10 2022,Monday,09:45,10:00,00:15,London,39.0,0.0,,15.22%,22.73%,15.62%,CE,bearish,False,sl,-1.0,2.0,,15.62%,2022
Oct 10 2022,Monday,14:15,18:00,03:45,New York,34.0,0.68,,15.22%,22.73%,33.33%,LC-2B,bearish,True,sl,-1.0,2.0,,29.41%,2022
Oct 18 2022,Tuesday,12:45,13:00,00:15,New York,33.0,0.0,,22.22%,35.71%,30.00%,LC-1,bearish,True,sl,-1.0,2.0,,30.00%,2022
Oct 18 2022,Tuesday,13:45,19:00,05:15,New York,27.2,1.34,,22.22%,25.00%,28.57%,LC-1,bearish,False,cut_19h,-0.7022,2.0,,28.57%,2022
Oct 26 2022,Wednesday,08:15,01:00,16:45,London,46.6,1.79,1.79,13.46%,18.18%,41.46%,LC-2A,bullish,True,be_stop,0.0,2.0,,20.31%,2022
Nov 1 2022,Tuesday,08:00,19:00,83:00,London,38.65,13.87,2.52,2.17%,19.44%,15.38%,CE,bearish,True,friday_close,9.3208,2.0,,9.43%,2022
Nov 1 2022,Tuesday,14:30,15:00,00:30,New York,43.2,0.0,,43.75%,53.85%,53.85%,CE,bullish,True,sl,-1.0,2.0,,53.85%,2022
Nov 10 2022,Thursday,10:00,14:00,04:00,London,26.3,3.28,,2.17%,26.67%,18.18%,LC-1,bullish,True,sl,-1.0,2.0,,18.18%,2022
Nov 18 2022,Friday,07:45,14:00,06:15,London,26.0,2.94,,19.23%,19.51%,10.00%,LC-2A,bullish,True,sl,-1.0,2.0,,10.00%,2022
Nov 18 2022,Friday,07:45,14:00,06:15,London,26.0,2.94,,22.58%,21.74%,13.33%,LC-2A,bullish,False,sl,-1.0,2.0,,13.33%,2022
Nov 24 2022,Thursday,08:15,20:00,11:45,London,27.5,2.51,2.51,2.17%,31.25%,41.84%,LC-2A,bearish,True,be_stop,0.0,2.0,,38.24%,2022
Nov 24 2022,Thursday,14:45,15:00,00:15,New York,21.2,0.63,,15.22%,34.38%,35.71%,LC-1,bearish,True,sl,-1.0,2.0,,35.71%,2022
Nov 30 2022,Wednesday,13:15,14:00,00:45,New York,28.0,0.0,,40.00%,38.04%,26.92%,LC-1,bearish,True,sl,-1.0,2.0,,26.92%,2022
Dec 7 2022,Wednesday,09:45,19:00,09:15,London,52.35,1.42,,21.74%,33.33%,46.00%,CE,bullish,True,cut_19h,-0.2512,2.0,,31.82%,2022
Dec 8 2022,Thursday,09:30,10:00,00:30,London,19.4,0.09,,37.50%,39.36%,43.75%,LC-1,bullish,True,sl,-1.0,2.0,,43.75%,2022
Dec 13 2022,Tuesday,07:15,08:00,00:45,London,28.2,0.0,,8.70%,15.62%,10.00%,CE,bullish,True,sl,-1.0,2.0,,10.00%,2022
Dec 13 2022,Tuesday,14:45,16:00,01:15,New York,38.0,0.0,,27.59%,33.33%,39.36%,LC-2A,bullish,True,sl,-1.0,2.0,,36.17%,2022
Jan 16 2023,Monday,14:30,19:00,04:30,New York,33.55,0.35,0.35,41.30%,57.14%,55.41%,CE,bearish,True,be_stop,0.0,2.0,,54.17%,2023
Jan 20 2023,Friday,08:30,19:00,10:30,London,25.1,7.26,,2.17%,12.90%,22.86%,LC-2A,bullish,True,friday_close,4.5139,2.0,,12.90%,2023
Jan 24 2023,Tuesday,07:15,08:00,00:45,London,19.9,0.0,,8.70%,31.43%,31.43%,LC-2A,bullish,True,sl,-1.0,2.0,,31.43%,2023
Jan 27 2023,Friday,13:15,14:00,00:45,New York,17.1,0.0,,19.64%,21.59%,43.75%,LC-2A,bullish,True,sl,-1.0,2.0,,43.75%,2023
Jan 27 2023,Friday,15:30,19:00,03:30,New York,24.85,1.21,,19.64%,42.05%,39.29%,CE,bullish,False,friday_close,0.9799,2.0,,39.29%,2023
Feb 8 2023,Wednesday,07:45,05:00,21:15,London,24.2,3.4,2.69,-10.87%,15.85%,13.16%,CE,bullish,True,be_stop,0.0,2.0,,7.69%,2023
Feb 22 2023,Wednesday,07:15,19:00,59:45,London,21.5,9.04,3.49,12.50%,22.73%,8.54%,LC-1,bearish,True,friday_close,0.6837,2.0,,17.74%,2023
Feb 23 2023,Thursday,07:15,13:00,05:45,London,15.3,3.65,,12.50%,31.43%,31.82%,LC-2A,bearish,True,sl,-1.0,2.0,,19.23%,2023
Mar 3 2023,Friday,07:15,08:00,00:45,London,13.9,0.0,,21.74%,36.17%,32.14%,LC-1,bullish,True,sl,-1.0,2.0,,32.14%,2023
Mar 6 2023,Monday,12:15,13:00,00:45,New York,13.5,0.0,,54.35%,43.24%,41.94%,LC-2A,bullish,True,sl,-1.0,2.0,,41.94%,2023
Mar 14 2023,Tuesday,07:30,08:00,00:30,London,32.1,0.0,,35.00%,32.50%,28.75%,LC-1,bearish,True,sl,-1.0,2.0,,28.75%,2023
Mar 14 2023,Tuesday,07:30,08:00,00:30,London,32.1,0.0,,30.00%,28.75%,28.75%,LC-1,bearish,False,sl,-1.0,2.0,,28.75%,2023
Mar 27 2023,Monday,12:45,14:00,01:15,New York,21.4,0.66,,41.94%,38.46%,36.25%,LC-1,bearish,True,sl,-1.0,2.0,,34.62%,2023
Mar 29 2023,Wednesday,09:30,10:00,00:30,London,26.4,0.36,,8.70%,29.17%,31.08%,LC-1,bullish,True,sl,-1.0,2.0,,31.08%,2023
Apr 6 2023,Thursday,09:15,12:00,02:45,London,22.6,1.3,,28.26%,43.75%,37.50%,LC-2A,bearish,True,sl,-1.0,2.0,,37.50%,2023
Apr 10 2023,Monday,13:15,15:00,01:45,New York,37.4,0.17,,17.74%,38.89%,32.35%,LC-2A,bearish,True,sl,-1.0,2.0,,32.35%,2023
Apr 25 2023,Tuesday,09:30,10:00,00:30,London,16.0,1.02,,0.00%,15.85%,19.77%,LC-2B,bullish,True,sl,-1.0,2.0,,19.77%,2023
Apr 26 2023,Wednesday,11:15,19:00,55:45,London,52.05,9.43,1.52,25.00%,35.29%,30.00%,CE,bullish,True,friday_close,9.146,2.0,,32.35%,2023
May 10 2023,Wednesday,14:15,15:00,00:45,New York,19.5,0.0,,19.64%,21.43%,7.14%,LC-2A,bullish,True,sl,-1.0,2.0,,7.14%,2023
May 11 2023,Thursday,08:00,09:00,01:00,London,14.7,0.0,,8.93%,21.05%,25.00%,LC-2A,bullish,True,sl,-1.0,2.0,,25.00%,2023
Jun 13 2023,Tuesday,08:45,12:00,03:15,London,23.2,0.24,,18.18%,25.00%,28.00%,LC-2B,bearish,True,sl,-1.0,2.0,,25.00%,2023
Jun 14 2023,Wednesday,07:45,08:00,00:15,London,12.6,0.0,,2.17%,18.18%,18.18%,LC-2A,bearish,True,sl,-1.0,2.0,,18.18%,2023
Jul 13 2023,Thursday,08:00,19:00,35:00,London,33.7,6.21,3.77,-6.25%,15.09%,19.23%,LC-2A,bullish,True,friday_close,5.0148,2.0,,8.70%,2023
Jul 13 2023,Thursday,08:00,09:00,01:00,London,22.4,0.0,,41.30%,47.06%,45.45%,CE,bearish,True,sl,-1.0,2.0,,45.45%,2023
Jul 13 2023,Thursday,14:15,19:00,04:45,New York,16.7,2.89,2.89,25.00%,28.41%,26.83%,LC-2A,bearish,True,be_stop,0.0,2.0,,25.00%,2023
Jul 25 2023,Tuesday,07:45,08:00,00:15,London,24.7,0.0,,25.00%,35.71%,21.88%,LC-2A,bearish,True,sl,-1.0,2.0,,21.88%,2023
Jul 24 2023,Monday,12:15,13:00,00:45,New York,28.6,0.07,,22.41%,30.49%,37.80%,LC-2A,bullish,True,sl,-1.0,2.0,,37.80%,2023
Aug 1 2023,Tuesday,09:30,10:00,00:30,London,15.0,1.19,,21.74%,34.15%,39.29%,LC-1,bullish,True,sl,-1.0,2.0,,39.29%,2023
Aug 22 2023,Tuesday,07:45,09:00,01:15,London,20.5,0.38,,8.70%,22.58%,25.00%,CE,bullish,True,sl,-1.0,2.0,,25.00%,2023
Aug 22 2023,Tuesday,07:45,09:00,01:15,London,20.5,0.38,,15.22%,27.42%,25.00%,CE,bullish,False,sl,-1.0,2.0,,25.00%,2023
Sep 4 2023,Monday,10:00,11:00,01:00,London,14.1,0.13,,0.00%,2.17%,2.17%,LC-1,bearish,True,sl,-1.0,2.0,,2.17%,2023
Sep 8 2023,Friday,08:00,19:00,11:00,London,16.0,3.67,,14.29%,33.65%,19.00%,LC-1,bullish,True,friday_close,1.6875,2.0,,19.00%,2023
Sep 14 2023,Thursday,07:15,11:00,03:45,London,21.0,0.81,,8.70%,21.43%,12.20%,LC-1,bullish,True,sl,-1.0,2.0,,10.00%,2023
Sep 14 2023,Thursday,09:45,11:00,01:15,London,20.45,0.24,,2.17%,17.50%,13.75%,CE,bullish,True,sl,-1.0,2.0,,11.54%,2023
Sep 14 2023,Thursday,09:45,11:00,01:15,London,20.45,0.24,,-4.35%,13.75%,10.00%,CE,bullish,False,sl,-1.0,2.0,,7.69%,2023
Sep 14 2023,Thursday,13:15,09:00,19:45,New York,14.9,8.43,8.43,15.22%,33.33%,39.06%,LC-1,bearish,True,be_stop,0.0,2.0,,30.00%,2023
Sep 21 2023,Thursday,08:00,19:00,35:00,London,15.0,13.36,13.36,44.44%,51.35%,48.68%,LC-2A,bearish,True,friday_close,7.5,2.0,,44.74%,2023
Sep 27 2023,Wednesday,07:30,09:00,01:30,London,12.3,1.14,,47.83%,59.46%,59.46%,LC-2A,bearish,True,sl,-1.0,2.0,,59.46%,2023
Oct 16 2023,Monday,09:15,15:00,05:45,London,42.2,0.52,,31.25%,32.14%,25.00%,LC-2A,bearish,True,sl,-1.0,2.0,,21.25%,2023
Nov 9 2023,Thursday,13:30,18:00,04:30,New York,20.2,1.0,,45.00%,51.16%,50.00%,LC-2A,bullish,True,sl,-1.0,2.0,,50.00%,2023
Nov 30 2023,Thursday,08:30,14:00,05:30,London,33.4,1.14,,28.26%,46.15%,32.50%,LC-2B,bearish,True,sl,-1.0,2.0,,32.50%,2023
Dec 5 2023,Tuesday,15:30,01:00,09:30,New York,35.6,1.4,0.97,-10.87%,21.43%,19.51%,CE,bearish,True,be_stop,0.0,2.0,,23.17%,2023
Dec 26 2023,Tuesday,07:15,08:00,00:45,London,13.8,0.19,,60.87%,54.55%,45.45%,CE,bearish,True,sl,-1.0,2.0,,45.45%,2023
Dec 26 2023,Tuesday,12:30,13:00,00:30,New York,8.7,0.0,,28.26%,36.36%,36.36%,LC-1,bearish,False,sl,-1.0,2.0,,36.36%,2023
Dec 29 2023,Friday,08:00,12:00,04:00,London,25.6,0.86,,4.00%,20.75%,13.46%,LC-1,bullish,True,sl,-1.0,2.0,,13.46%,2023
Jan 8 2024,Monday,08:30,12:00,03:30,London,21.7,2.15,,2.17%,21.25%,13.64%,LC-2A,bearish,True,sl,-1.0,2.0,,5.26%,2024
Jan 8 2024,Monday,13:30,01:00,11:30,New York,51.1,0.8,0.55,28.00%,44.19%,48.94%,CE,bullish,True,be_stop,0.0,2.0,,44.19%,2024
Jan 19 2024,Friday,09:15,10:00,00:45,London,21.7,0.0,,8.93%,14.77%,18.18%,LC-2A,bullish,True,sl,-1.0,2.0,,18.18%,2024
Jan 25 2024,Thursday,07:45,13:00,05:15,London,20.5,1.66,,21.74%,37.50%,51.35%,LC-1,bullish,True,sl,-1.0,2.0,,37.50%,2024
Jan 31 2024,Wednesday,14:15,15:00,00:45,New York,14.5,0.0,,-17.39%,6.76%,18.75%,LC-1,bullish,True,sl,-1.0,2.0,,18.75%,2024
Feb 26 2024,Monday,08:00,09:00,01:00,London,13.5,0.0,,8.70%,21.05%,18.18%,LC-1,bearish,True,sl,-1.0,2.0,,18.18%,2024
Feb 28 2024,Wednesday,07:45,08:00,00:15,London,12.6,1.46,,28.26%,30.49%,33.33%,LC-2A,bullish,True,sl,-1.0,2.0,,33.33%,2024
Mar 15 2024,Friday,07:15,19:00,11:45,London,28.3,4.16,,25.00%,38.78%,33.33%,LC-2A,bullish,True,friday_close,3.5583,2.0,,21.25%,2024
Mar 29 2024,Friday,12:15,13:00,00:45,New York,17.1,0.0,,2.17%,29.17%,18.57%,LC-1,bearish,True,sl,-1.0,2.0,,18.57%,2024
Apr 2 2024,Tuesday,07:15,19:00,83:45,London,14.8,12.68,2.37,4.00%,22.00%,32.50%,LC-2A,bullish,True,friday_close,7.8514,2.0,,22.00%,2024
Apr 3 2024,Wednesday,07:45,08:00,00:15,London,10.2,0.56,,-10.87%,14.29%,4.26%,LC-1,bullish,True,sl,-1.0,2.0,,4.26%,2024
May 7 2024,Tuesday,09:15,22:00,12:45,London,28.9,2.67,2.67,40.00%,42.65%,45.83%,LC-2A,bullish,True,be_stop,0.0,2.0,,42.65%,2024
May 20 2024,Monday,07:45,08:00,00:15,London,15.8,0.0,,15.22%,17.74%,17.74%,LC-1,bullish,True,sl,-1.0,2.0,,17.74%,2024
May 28 2024,Tuesday,13:30,19:00,05:30,New York,15.1,1.12,1.12,28.00%,36.36%,29.69%,LC-1,bullish,True,be_stop,0.0,2.0,,27.42%,2024
May 31 2024,Friday,08:15,09:00,00:45,London,20.5,0.0,,15.22%,35.71%,22.86%,LC-1,bearish,True,sl,-1.0,2.0,,22.86%,2024
Jun 13 2024,Thursday,13:30,15:00,01:30,New York,19.0,1.45,,28.26%,32.26%,37.10%,LC-2A,bullish,True,sl,-1.0,2.0,,37.10%,2024
Jun 20 2024,Thursday,14:00,16:00,02:00,New York,31.7,0.0,,15.22%,20.75%,23.58%,CE,bearish,True,sl,-1.0,2.0,,22.12%,2024
Jun 21 2024,Friday,14:15,15:00,00:45,New York,14.9,0.0,,42.31%,41.67%,36.84%,LC-1,bearish,True,sl,-1.0,2.0,,36.84%,2024
Jun 26 2024,Wednesday,08:15,09:00,00:45,London,12.4,0.0,,15.22%,22.73%,22.73%,LC-2B,bullish,True,sl,-1.0,2.0,,22.73%,2024
Jun 28 2024,Friday,08:15,10:00,01:45,London,19.65,0.48,,28.26%,32.26%,34.38%,CE,bullish,True,sl,-1.0,2.0,,34.38%,2024
Jul 1 2024,Monday,09:00,22:00,13:00,London,20.8,3.39,3.39,15.22%,12.07%,22.58%,LC-1,bullish,True,be_stop,0.0,2.0,,12.07%,2024
Jul 5 2024,Friday,13:15,14:00,00:45,New York,19.3,0.0,,20.00%,19.23%,28.00%,LC-2A,bearish,True,sl,-1.0,2.0,,28.00%,2024
Jul 15 2024,Monday,15:00,00:00,09:00,New York,18.7,5.35,5.35,30.77%,39.19%,31.43%,LC-2A,bearish,True,be_stop,0.0,2.0,,35.23%,2024
Jul 16 2024,Tuesday,13:45,19:00,05:15,New York,18.4,0.76,,21.74%,42.55%,37.50%,CE,bullish,True,cut_19h,-0.5163,2.0,,35.71%,2024
Jul 30 2024,Tuesday,08:15,19:00,82:45,London,28.3,41.62,9.93,8.70%,10.00%,50.00%,LC-2A,bearish,True,friday_close,39.742,2.0,,14.29%,2024
Aug 2 2024,Friday,13:45,19:00,05:15,New York,117.75,1.16,,47.83%,30.36%,32.76%,CE,bearish,True,friday_close,0.7045,2.0,,30.36%,2024
Aug 15 2024,Thursday,08:15,19:00,34:45,London,26.7,10.42,9.28,8.70%,27.03%,17.86%,LC-1,bullish,True,friday_close,6.7903,2.0,,-1.47%,2024
Sep 9 2024,Monday,08:00,10:00,02:00,London,33.7,0.18,,55.56%,61.54%,59.76%,CE,bearish,True,sl,-1.0,2.0,,59.76%,2024
Sep 17 2024,Tuesday,09:15,13:00,03:45,London,19.7,0.31,,21.74%,30.00%,36.36%,LC-1,bearish,True,sl,-1.0,2.0,,29.69%,2024
Sep 17 2024,Tuesday,12:45,05:00,16:15,New York,16.3,9.79,8.08,-4.35%,18.57%,8.33%,LC-2B,bullish,True,be_stop,0.0,2.0,,-2.86%,2024
Sep 25 2024,Wednesday,09:15,10:00,00:45,London,22.8,0.0,,21.74%,27.03%,28.95%,LC-2A,bearish,True,sl,-1.0,2.0,,28.95%,2024
Sep 30 2024,Monday,09:15,10:00,00:45,London,25.1,0.0,,15.22%,7.35%,10.00%,LC-2A,bearish,True,sl,-1.0,2.0,,10.00%,2024
Oct 1 2024,Tuesday,14:15,09:00,18:45,New York,24.4,7.82,7.82,28.00%,30.49%,13.64%,LC-2A,bearish,True,be_stop,0.0,2.0,,25.00%,2024
Oct 4 2024,Friday,09:45,10:00,00:15,London,26.9,0.0,,6.25%,11.54%,13.75%,LC-1,bearish,True,sl,-1.0,2.0,,13.75%,2024
Oct 10 2024,Thursday,13:30,14:00,00:30,New York,29.2,0.0,,22.00%,39.19%,41.67%,LC-2A,bullish,True,sl,-1.0,2.0,,41.67%,2024
Oct 14 2024,Monday,13:30,06:00,16:30,New York,19.95,2.68,2.62,21.74%,38.24%,40.00%,CE,bullish,True,be_stop,0.0,2.0,,32.26%,2024
Oct 21 2024,Monday,13:00,16:00,03:00,New York,15.3,1.55,,19.64%,19.77%,18.92%,LC-1,bullish,True,sl,-1.0,2.0,,18.92%,2024
Nov 1 2024,Friday,12:30,19:00,06:30,London,49.2,2.74,,2.17%,22.12%,25.00%,CE,bullish,True,friday_close,1.4167,2.0,,20.59%,2024
Nov 11 2024,Monday,14:45,01:00,10:15,New York,33.55,1.45,1.0,22.41%,36.17%,38.04%,CE,bearish,True,be_stop,0.0,2.0,,32.98%,2024
Nov 11 2024,Monday,09:15,15:00,77:45,London,24.0,6.5,2.11,14.29%,21.59%,28.26%,LC-2A,bearish,False,be_stop,0.0,2.0,,21.74%,2024
Nov 14 2024,Thursday,13:45,14:00,00:15,New York,24.3,0.0,,-10.87%,13.75%,23.17%,LC-1,bearish,True,sl,-1.0,2.0,,23.17%,2024
Nov 15 2024,Friday,12:15,19:00,06:45,New York,20.2,14.2,,27.78%,31.08%,22.73%,LC-2A,bearish,True,friday_close,13.6733,2.0,,20.59%,2024
Nov 21 2024,Thursday,07:15,08:00,00:45,London,25.8,0.0,,10.94%,23.40%,23.40%,LC-2A,bullish,True,sl,-1.0,2.0,,23.40%,2024
Dec 3 2024,Tuesday,09:15,04:00,18:45,London,20.7,9.65,9.65,27.78%,25.00%,25.00%,LC-2A,bearish,True,be_stop,0.0,2.0,,25.00%,2024
Dec 11 2024,Wednesday,14:45,01:00,10:15,New York,25.3,1.85,1.74,25.00%,21.25%,42.31%,LC-1,bullish,True,be_stop,0.0,2.0,,26.83%,2024
Dec 13 2024,Friday,12:15,13:00,00:45,New York,26.5,0.0,,19.23%,23.26%,23.26%,LC-2A,bearish,True,sl,-1.0,2.0,,23.26%,2024
Dec 17 2024,Tuesday,12:15,13:00,00:45,New York,14.0,0.0,,8.70%,15.00%,22.58%,LC-1,bearish,True,sl,-1.0,2.0,,22.58%,2024
Dec 23 2024,Monday,09:30,10:00,00:30,London,14.9,0.18,,28.26%,36.36%,42.65%,CE,bullish,True,sl,-1.0,2.0,,42.65%,2024
Dec 23 2024,Monday,09:30,19:00,09:30,London,18.0,2.49,2.49,6.25%,17.11%,29.41%,LC-2A,bearish,True,be_stop,0.0,2.0,,20.31%,2024
Dec 26 2024,Thursday,09:15,02:00,16:45,London,21.6,3.66,3.66,15.22%,27.27%,29.41%,LC-1,bullish,True,be_stop,0.0,2.0,,17.74%,2024
Dec 27 2024,Friday,07:30,08:00,00:30,London,14.0,0.0,,2.17%,5.26%,11.54%,LC-1,bearish,True,sl,-1.0,2.0,,11.54%,2024
Dec 30 2024,Monday,14:15,15:00,00:45,New York,37.8,0.0,,8.93%,29.79%,21.74%,LC-2A,bullish,True,sl,-1.0,2.0,,21.74%,2024
Dec 31 2024,Tuesday,13:45,14:00,00:15,New York,19.0,0.0,,19.64%,22.97%,21.43%,LC-1,bearish,True,sl,-1.0,2.0,,21.43%,2024
Jan 8 2025,Wednesday,15:00,00:00,09:00,New York,33.0,1.78,1.48,22.58%,26.67%,25.00%,LC-2A,bullish,True,be_stop,0.0,2.0,,36.11%,2025
Jan 15 2025,Wednesday,14:15,19:00,52:45,New York,45.5,5.78,1.92,25.00%,29.41%,34.62%,LC-1,bearish,True,friday_close,3.9956,2.0,,27.27%,2025
Jan 15 2025,Wednesday,14:15,19:00,52:45,New York,45.5,5.78,1.92,31.25%,33.82%,38.46%,LC-2A,bearish,False,friday_close,3.9956,2.0,,31.82%,2025
Jan 21 2025,Tuesday,08:00,19:00,83:00,London,34.95,11.29,3.11,2.17%,23.40%,23.17%,CE,bullish,True,friday_close,10.9227,2.0,,18.48%,2025
Feb 4 2025,Tuesday,08:30,19:00,82:30,London,25.2,23.38,1.94,8.70%,20.31%,61.29%,LC-2A,bearish,True,friday_close,20.4524,2.0,,15.62%,2025
Feb 14 2025,Friday,14:15,16:00,01:45,New York,21.5,1.56,,15.22%,31.43%,38.24%,LC-2A,bullish,True,sl,-1.0,2.0,,38.24%,2025
Feb 26 2025,Wednesday,09:00,18:00,09:00,London,20.1,4.74,,-30.43%,10.00%,18.57%,LC-2B,bullish,True,sl,-1.0,2.0,,4.17%,2025
Feb 26 2025,Wednesday,09:15,10:00,00:45,London,23.6,0.0,,-17.39%,17.50%,21.43%,LC-2A,bullish,False,sl,-1.0,2.0,,21.43%,2025
Mar 4 2025,Tuesday,14:00,15:00,01:00,New York,50.1,0.0,,22.73%,31.25%,22.00%,LC-2B,bullish,True,sl,-1.0,2.0,,22.00%,2025
Mar 4 2025,Tuesday,14:00,15:00,01:00,New York,50.1,0.0,,30.77%,37.80%,26.74%,LC-2B,bullish,False,sl,-1.0,2.0,,26.74%,2025
Mar 10 2025,Monday,07:30,08:00,00:30,London,23.0,0.0,,13.46%,36.11%,21.05%,LC-2A,bullish,True,sl,-1.0,2.0,,21.05%,2025
Mar 10 2025,Monday,09:15,14:00,04:45,London,29.7,2.31,,6.90%,29.41%,29.79%,LC-2A,bullish,True,sl,-1.0,2.0,,28.81%,2025
Mar 17 2025,Monday,08:15,06:00,69:45,London,34.2,6.48,3.63,8.70%,18.18%,19.77%,LC-1,bullish,True,be_stop,0.0,2.0,,12.90%,2025
Mar 20 2025,Thursday,08:45,14:00,05:15,London,29.9,1.98,,2.17%,23.26%,26.74%,LC-1,bearish,True,sl,-1.0,2.0,,23.08%,2025
Mar 26 2025,Wednesday,09:30,21:00,11:30,London,23.7,2.67,2.67,42.31%,46.88%,52.44%,LC-2A,bullish,True,be_stop,0.0,2.0,,43.75%,2025
Apr 8 2025,Tuesday,07:15,08:00,00:45,London,26.2,0.0,,-10.87%,-3.45%,-8.62%,LC-1,bullish,True,sl,-1.0,2.0,,-8.62%,2025
Apr 21 2025,Monday,14:30,01:00,10:30,New York,20.2,2.92,2.46,46.00%,45.83%,62.50%,LC-2A,bearish,True,be_stop,0.0,2.0,,50.00%,2025
Apr 22 2025,Tuesday,09:00,10:00,01:00,London,24.5,0.0,,54.35%,41.94%,43.75%,CE,bearish,True,sl,-1.0,2.0,,43.75%,2025
May 8 2025,Thursday,09:00,10:00,01:00,London,16.7,0.0,,12.50%,21.88%,21.88%,LC-2A,bearish,True,sl,-1.0,2.0,,21.88%,2025
May 16 2025,Friday,08:15,15:00,06:45,London,27.55,0.7,,15.22%,34.38%,27.27%,CE,bearish,True,sl,-1.0,2.0,,27.27%,2025
May 23 2025,Friday,07:15,08:00,00:45,London,17.6,0.56,,21.74%,35.14%,31.08%,LC-2A,bearish,True,sl,-1.0,2.0,,31.08%,2025
Jun 11 2025,Wednesday,12:15,13:00,00:45,New York,9.9,0.0,,18.75%,25.00%,23.08%,LC-2A,bearish,True,sl,-1.0,2.0,,23.08%,2025
Jun 11 2025,Wednesday,12:15,13:00,00:45,New York,9.9,0.0,,12.50%,20.31%,23.08%,LC-2A,bearish,False,sl,-1.0,2.0,,23.08%,2025
Jun 11 2025,Wednesday,14:15,19:00,04:45,New York,24.5,1.81,1.81,8.93%,23.08%,35.71%,LC-2A,bullish,True,be_stop,0.0,2.0,,25.00%,2025
Jun 17 2025,Tuesday,09:15,13:00,03:45,London,33.7,0.61,,30.36%,20.83%,30.77%,LC-2A,bullish,True,sl,-1.0,2.0,,22.97%,2025
Jun 30 2025,Monday,09:15,22:00,12:45,London,23.4,2.15,2.15,18.75%,26.67%,34.38%,LC-2A,bullish,True,be_stop,0.0,2.0,,28.26%,2025
Jul 7 2025,Monday,09:45,19:00,105:15,London,18.4,13.46,8.99,30.77%,40.70%,37.50%,LC-2A,bullish,True,friday_close,9.8913,2.0,,34.38%,2025
Jul 9 2025,Wednesday,12:15,14:00,01:45,New York,12.8,1.68,,17.24%,17.11%,26.92%,LC-2A,bullish,True,sl,-1.0,2.0,,23.08%,2025
Jul 10 2025,Thursday,08:45,02:00,17:15,London,16.9,4.99,4.04,10.94%,31.82%,20.75%,LC-2B,bearish,True,be_stop,0.0,2.0,,27.59%,2025
Jul 11 2025,Friday,12:15,13:00,00:45,New York,24.9,0.0,,44.29%,54.72%,52.13%,LC-2A,bullish,True,sl,-1.0,2.0,,52.13%,2025
Jul 16 2025,Wednesday,08:15,10:00,01:45,London,14.6,0.54,,28.26%,34.38%,36.36%,LC-2B,bullish,True,sl,-1.0,2.0,,34.38%,2025
Jul 24 2025,Thursday,12:45,13:00,00:15,New York,22.2,0.0,,21.74%,37.80%,35.71%,LC-2A,bearish,True,sl,-1.0,2.0,,35.71%,2025
Jul 29 2025,Tuesday,13:15,19:00,05:45,New York,18.0,2.94,2.94,55.00%,48.94%,46.88%,LC-2A,bearish,True,be_stop,0.0,2.0,,43.33%,2025
Aug 1 2025,Friday,13:30,14:00,00:30,New York,31.3,0.0,,35.71%,34.91%,26.47%,LC-1,bullish,True,sl,-1.0,2.0,,26.47%,2025
Aug 5 2025,Tuesday,07:15,19:00,83:45,London,16.1,21.3,6.58,-11.11%,14.29%,35.14%,LC-2B,bullish,True,friday_close,20.8944,2.0,,14.77%,2025
Aug 15 2025,Friday,12:45,13:00,00:15,New York,13.5,0.36,,8.70%,22.73%,22.73%,LC-1,bearish,True,sl,-1.0,2.0,,22.73%,2025
Aug 20 2025,Wednesday,09:15,11:00,25:45,London,29.3,4.5,4.5,25.00%,34.38%,30.00%,LC-2A,bearish,True,be_stop,0.0,2.0,,25.00%,2025
Aug 26 2025,Tuesday,08:15,12:00,03:45,London,29.8,0.36,,28.26%,40.00%,36.67%,LC-2A,bearish,True,sl,-1.0,2.0,,36.67%,2025
Aug 27 2025,Wednesday,09:00,22:00,13:00,London,10.0,3.68,3.68,2.17%,15.38%,30.49%,LC-1,bullish,True,be_stop,0.0,2.0,,18.48%,2025
Sep 4 2025,Thursday,13:30,22:00,08:30,New York,25.3,1.77,1.77,15.22%,28.57%,23.17%,LC-1,bullish,True,be_stop,0.0,2.0,,17.50%,2025
Sep 4 2025,Thursday,13:30,22:00,08:30,New York,25.3,1.77,1.77,15.22%,28.57%,23.17%,LC-2A,bullish,False,be_stop,0.0,2.0,,17.50%,2025
Sep 10 2025,Wednesday,08:15,18:00,09:45,London,24.4,0.76,,15.22%,19.23%,29.17%,LC-2A,bullish,True,sl,-1.0,2.0,,19.23%,2025
Sep 10 2025,Wednesday,09:45,13:00,03:15,London,12.9,1.22,,15.22%,21.05%,27.14%,LC-1,bullish,False,sl,-1.0,2.0,,15.62%,2025
Sep 17 2025,Wednesday,14:15,15:00,00:45,New York,12.7,0.0,,-4.35%,4.17%,0.00%,LC-2A,bearish,True,sl,-1.0,2.0,,0.00%,2025
Oct 10 2025,Friday,12:15,13:00,00:45,New York,21.3,0.0,,17.24%,16.67%,16.67%,LC-2A,bullish,True,sl,-1.0,2.0,,16.67%,2025
Oct 24 2025,Friday,13:15,15:00,01:45,New York,18.3,2.3,,28.26%,29.69%,25.00%,LC-2A,bullish,True,sl,-1.0,2.0,,22.58%,2025
Nov 18 2025,Tuesday,13:00,15:00,02:00,New York,14.6,1.95,,14.29%,12.50%,14.86%,LC-1,bullish,True,sl,-1.0,2.0,,14.86%,2025
Nov 24 2025,Monday,08:15,09:00,00:45,London,26.5,0.16,,15.22%,25.00%,25.00%,LC-1,bullish,True,sl,-1.0,2.0,,25.00%,2025
Nov 26 2025,Wednesday,09:30,10:00,00:30,London,14.8,0.0,,15.22%,22.73%,17.74%,LC-1,bullish,True,sl,-1.0,2.0,,17.74%,2025
Dec 12 2025,Friday,13:15,19:00,05:45,New York,14.1,5.3,,12.50%,39.19%,28.75%,LC-2A,bearish,True,friday_close,3.4539,2.0,,25.00%,2025
Dec 30 2025,Tuesday,13:30,19:00,05:30,New York,16.9,0.96,,-10.87%,15.85%,21.59%,LC-1,bearish,True,cut_19h,-0.0533,2.0,,15.85%,2025
